"MONTEVIDEO","PUERTO",11000
"MONTEVIDEO","CIUDAD VIEJA",11000
"MONTEVIDEO","CENTRO",11100
"MONTEVIDEO","BARRIO SUR",11100
"MONTEVIDEO","CORDON",11200
"MONTEVIDEO","PALERMO",11200
"MONTEVIDEO","PARQUE RODO",11200
"MONTEVIDEO","POCITOS",11300
"MONTEVIDEO","PUNTA CARRETAS",11300
"MONTEVIDEO","MALVIN NORTE",11400
"MONTEVIDEO","UNION",11400
"MONTEVIDEO","PUNTA GORDA",11400
"MONTEVIDEO","MALVIN",11400
"MONTEVIDEO","CARRASCO NORTE",11500
"MONTEVIDEO","CARRASCO",11500
"MONTEVIDEO","LA BLANQUEADA",11600
"MONTEVIDEO","BUCEO",11600
"MONTEVIDEO","PQUE BATLLE VILLA DOLORES",11600
"MONTEVIDEO","LARRAÑAGA",11600
"MONTEVIDEO","AIRES PUROS",11700
"MONTEVIDEO","PRADO NUEVA SAVONA",11700
"MONTEVIDEO","BRAZO ORIENTAL",11700
"MONTEVIDEO","ATAHUALPA",11700
"MONTEVIDEO","LA COMERCIAL",11800
"MONTEVIDEO","FIGURITA",11800
"MONTEVIDEO","CAPURRO BELLA VISTA",11800
"MONTEVIDEO","JACINTO VERA",11800
"MONTEVIDEO","AGUADA",11800
"MONTEVIDEO","REDUCTO",11800
"MONTEVIDEO","TRES CRUCES",11800
"MONTEVIDEO","VILLA MUÑOZ RETIRO",11800
"MONTEVIDEO","BELVEDERE",11900
"MONTEVIDEO","TRES OMBUES PBLO VICTORIA",11900
"MONTEVIDEO","LA TEJA",11900
"MONTEVIDEO","NUEVO PARIS",11900
"MONTEVIDEO","ITUZAINGO",12000
"MONTEVIDEO","CASTRO CASTELLANOS",12000
"MONTEVIDEO","MERCADO MODELO Y BOLIVAR",12000
"MONTEVIDEO","VILLA ESPAÑOLA",12000
"MONTEVIDEO","LAS CANTERAS",12100
"MONTEVIDEO","MAROÑAS PARQUE GUARANI",12100
"MONTEVIDEO","CASAVALLE",12300
"MONTEVIDEO","MANGA",12300
"MONTEVIDEO","PIEDRAS BLANCAS",12300
"MONTEVIDEO","LAS ACACIAS",12300
"MONTEVIDEO","CERRITO",12300
"MONTEVIDEO","MANGA TOLEDO CHICO",12400
"MONTEVIDEO","COLON SURESTE ABAYUBA",12400
"MONTEVIDEO","PEÑAROL LAVALLEJA",12400
"MONTEVIDEO","COLON CENTRO Y NOROESTE",12500
"MONTEVIDEO","LEZICA MELILLA",12500
"MONTEVIDEO","PASO DE LA ARENA",12700
"MONTEVIDEO","CASABO PAJAS BLANCAS",12800
"MONTEVIDEO","LA PALOMA TOMKINSON",12800
"MONTEVIDEO","CERRO",12800
"MONTEVIDEO","SAYAGO",12900
"MONTEVIDEO","PASO DE LAS DURANAS",12900
"MONTEVIDEO","CONCILIACION",12900
"MONTEVIDEO","VILLA GARCIA MANGA RURAL",13000
"MONTEVIDEO","PUNTA RIELES BELLA ITALIA",13000
"MONTEVIDEO","JARDINES DEL HIPODROMO",13000
"MONTEVIDEO","BAÑADOS DE CARRASCO",13000
"MONTEVIDEO","FLOR DE MAROÑAS",13000
"CANELONES","SANTA TERESITA",15000
"CANELONES","COLONIA NICOLICH",15000
"CANELONES","PASO CARRASCO",15000
"CANELONES","SAN JOSE DE CARRASCO",15000
"CANELONES","PARQUE CARRASCO",15000
"CANELONES","AEROPUERTO INTERNACIONAL DE CARRASCO",15000
"CANELONES","SHANGRILA",15000
"CANELONES","EL BOSQUE",15000
"CANELONES","BARRIO OBRERO",15000
"CANELONES","LAGOMAR",15000
"CANELONES","LAGO JARDIN DEL BOSQUE",15000
"CANELONES","BARRA DE CARRASCO",15000
"CANELONES","EMPALME NICOLICH",15000
"CANELONES","PARQUE MIRAMAR",15000
"CANELONES","PINAMAR Y PINEPARK",15100
"CANELONES","FORTIN DE SANTA ROSA",15100
"CANELONES","SALINAS",15100
"CANELONES","PINE PARK",15100
"CANELONES","NEPTUNIA",15100
"CANELONES","RINCON DE PANDO",15100
"CANELONES","MARINDIA",15100
"CANELONES","PINAMAR",15100
"CANELONES","VILLA JUANA",15100
"CANELONES","ESTACION ATLANTIDA",15200
"CANELONES","LAS TOSCAS",15200
"CANELONES","VILLA ARGENTINA",15200
"CANELONES","LA CHINCHILLA",15200
"CANELONES","CITY GOLF",15200
"CANELONES","ATLANTIDA",15200
"CANELONES","BELLO HORIZONTE",15300
"CANELONES","PARQUE DEL PLATA",15300
"CANELONES","COSTA AZUL",15300
"CANELONES","LAS VEGAS",15300
"CANELONES","ESTACION LA FLORESTA",15300
"CANELONES","LA FLORESTA",15300
"CANELONES","GUAZUVIRA NUEVO",15300
"CANELONES","GUAZUVIRA",15300
"CANELONES","ARAMINDA",15400
"CANELONES","BIARRITZ",15400
"CANELONES","LA TUNA",15400
"CANELONES","CAPILLA DE CELLA",15400
"CANELONES","CUCHILLA ALTA Y EL GALEON",15400
"CANELONES","PIEDRAS DE AFILAR",15400
"CANELONES","SAN LUIS",15400
"CANELONES","ESTACION PIEDRAS DE AFILAR",15400
"CANELONES","JAUREGUIBERRY",15400
"CANELONES","ARGENTINO",15400
"CANELONES","CUCHILLA ALTA",15400
"CANELONES","SANTA ANA",15400
"CANELONES","SANTA LUCIA DEL ESTE",15400
"CANELONES","B.H.U.",15400
"CANELONES","LOS TITANES",15400
"CANELONES","EL GALEON",15400
"CANELONES","VILLA AEROPARQUE",15500
"CANELONES","CUMBRES DE CARRASCO",15500
"CANELONES","CAPITAN JUAN ANTONIO ARTIGAS",15500
"CANELONES","RINCON DE CARRASCO",15500
"CANELONES","COLINAS DE CARRASCO",15500
"CANELONES","JOAQUIN SUAREZ",15500
"CANELONES","QUINTA LOS HORNEROS",15500
"CANELONES","VILLA EL TATO",15500
"CANELONES","FRACC SOBRE RUTA 74",15500
"CANELONES","EMPALME OLMOS",15600
"CANELONES","VIEJO MOLINO SAN BERNARDO",15600
"CANELONES","CAÑADA GRANDE",15600
"CANELONES","LA MONTAÑESA",15600
"CANELONES","DR. FRANCISCO SOCA",15600
"CANELONES","ESTANQUE DE PANDO",15600
"CANELONES","JARDINES DE PANDO",15600
"CANELONES","CUEVA DEL TIGRE",15600
"CANELONES","LA PALMITA",15600
"CANELONES","LAS RANAS",15600
"CANELONES","PIEDRITAS DE SUAREZ",15600
"CANELONES","PUNTAS DE CAÑADA GRANDE",15600
"CANELONES","SOSA DIAZ",15600
"CANELONES","OLMOS",15600
"CANELONES","PIEDRA DEL TORO",15600
"CANELONES","COSTA DE PANDO OLMOS",15600
"CANELONES","PANDO",15600
"MONTEVIDEO","TOLEDO CHICO",15700
"CANELONES","VILLA HADITA",15700
"CANELONES","BARRIO ARTIGAS",15700
"CANELONES","BARRIO BENZO",15700
"CANELONES","BARRIO LOS PANORAMAS",15700
"CANELONES","BARRIO PRETTI",15700
"CANELONES","BARRIO SANTA RITA",15700
"CANELONES","BARRIO TRAVERSO",15700
"CANELONES","BARRIO VILLA MURCIA",15700
"CANELONES","LOMAS DE TOLEDO",15700
"CANELONES","LOS HORNOS",15700
"CANELONES","NATALY",15700
"CANELONES","VILLA FORTUNA",15700
"CANELONES","VILLA HUERTOS DE TOLEDO",15700
"CANELONES","CASARINO",15700
"CANELONES","SAN ANDRES",15700
"CANELONES","VILLA CRESPO",15700
"CANELONES","PUNTAS DE TOLEDO",15700
"CANELONES","VILLA CRESPO",15700
"CANELONES","SEIS HERMANOS",15700
"CANELONES","VILLA JUANITA",15700
"CANELONES","VILLA MARINA",15700
"CANELONES","VILLA MOLFINO",15700
"CANELONES","VILLA PRADOS DE TOLEDO",15700
"CANELONES","VILLA VALVERDE",15700
"CANELONES","VILLA LOS ALPES",15700
"CANELONES","VILLA SAN FELIPE",15700
"CANELONES","TOLEDO",15700
"CANELONES","SAN ANDRES",15700
"CANELONES","FRACC. CNO. ANDALUZ Y R.84",15700
"CANELONES","VILLA SAN JOSE",15700
"CANELONES","CIUDAD DE LA COSTA",15800
"CANELONES","LOMAS DE SOLYMAR",15800
"CANELONES","LOMAS DE CARRASCO",15800
"CANELONES","PINARES DE SOLYMAR",15800
"CANELONES","EL BOSQUE DE SOLYMAR",15800
"CANELONES","MONTES DE SOLYMAR",15800
"CANELONES","LAS HIGUERITAS",15800
"CANELONES","QUINTAS DEL BOSQUE",15800
"CANELONES","COLINAS DE SOLYMAR",15800
"CANELONES","CARMEL",15800
"CANELONES","EL PINAR",15800
"CANELONES","PARQUE DE SOLYMAR",15800
"CANELONES","BARRIO SAN CRISTOBAL",15800
"CANELONES","HARAS DEL LAGO",15800
"CANELONES","MEDANOS DE SOLYMAR",15800
"CANELONES","LA ASUNCION",15800
"CANELONES","SOLYMAR",15800
"CANELONES","ALTOS DE LA TAHONA",15800
"CANELONES","PROGRESO",15900
"CANELONES","VISTA LINDA",15900
"CANELONES","EL DORADO",15900
"CANELONES","VILLA FORESTI",15900
"CANELONES","BARRIO COPOLA",15900
"CANELONES","VILLA FELICIDAD",15900
"CANELONES","VILLA PAZ S.A.",15900
"CANELONES","BARRIO REMANSO",15900
"CANELONES","PARADA CABRERA",15900
"CANELONES","FRACC. PROGRESO",15900
"CANELONES","LAS PIEDRAS",15900
"CANELONES","PUNTAS DE CANELON CHICO",15900
"CANELONES","CANELON CHICO AL CENTRO",15900
"CANELONES","CAMINO DODERA",15900
"CANELONES","BARRIO LA LUCHA",15900
"CANELONES","LA PAZ",15900
"CANELONES","INSTITUTO ADVENTISTA",15900
"CANELONES","COSTA Y GUILLAMON",15900
"CANELONES","EL COLORADO",15900
"CANELONES","POQUITOS",15900
"CANELONES","PASO DEL COLORADO",15900
"CANELONES","SANTOS LUGARES",15900
"CANELONES","CUCHILLA DE SIERRA",15900
"CANELONES","VILLA SAN CONO",15900
"CANELONES","CANELON CHICO DE PROGRESO",15900
"CANELONES","COLORADO CHICO",15900
"MALDONADO","FARO JOSE IGNACIO",20000
"MALDONADO","SAN RAFAEL - EL PLACER",20000
"MALDONADO","LA JUANITA",20000
"MALDONADO","EL CHORRO",20000
"MALDONADO","MANANTIALES",20000
"MALDONADO","OCEAN PARK",20000
"MALDONADO","LA BARRA",20000
"MALDONADO","SAUCE DE PORTEZUELO",20000
"MALDONADO","LOS CORCHOS",20000
"MALDONADO","ARENAS DE JOSE IGNACIO",20000
"MALDONADO","MALDONADO",20000
"MALDONADO","BARRIO KENNEDY",20000
"MALDONADO","SARANDI DEL MATAOJO",20000
"MALDONADO","LA CAPUERA",20000
"MALDONADO","BALNEARIO BUENOS AIRES",20000
"MALDONADO","CHIHUAHUA",20000
"MALDONADO","CERRO PELADO",20000
"MALDONADO","PUNTA DEL ESTE",20000
"MALDONADO","VILLA DELIA",20000
"MALDONADO","PINARES - LAS DELICIAS",20000
"MALDONADO","LAGUNA BLANCA",20000
"MALDONADO","EDEN ROCK",20000
"MALDONADO","LA SONRISA",20000
"MALDONADO","PUNTA BALLENA",20000
"MALDONADO","RINCON DEL INDIO",20000
"MALDONADO","ZANJA DEL TIGRE",20000
"MALDONADO","MATAOJO",20000
"MALDONADO","LAGUNA DEL SAUCE",20000
"MALDONADO","RINCON DE LOS SOSA",20000
"MALDONADO","SAN JUAN DEL ESTE",20000
"MALDONADO","PORTEZUELO",20000
"MALDONADO","PUNTAS DE MATAOJO",20000
"MALDONADO","PUNTAS DE PAN DE AZUCAR",20000
"MALDONADO","LAGO DE LOS CISNES",20000
"MALDONADO","BARRA DEL SAUCE",20000
"MALDONADO","EL EDEN",20000
"MALDONADO","LOS AROMOS",20000
"MALDONADO","EL TESORO",20000
"MALDONADO","CANTERAS DE MARELLI",20000
"MALDONADO","LAS CUMBRES",20000
"MALDONADO","FARO JOSE IGNACIO NORTE",20000
"MALDONADO","BARRIO HIPODROMO",20000
"MALDONADO","SAN VICENTE",20000
"MALDONADO","SANTA MONICA",20000
"MALDONADO","BUENOS AIRES",20000
"MALDONADO","PLAYA VERDE",20200
"MALDONADO","LAS FLORES",20200
"MALDONADO","PIRIAPOLIS",20200
"MALDONADO","BELLA VISTA",20200
"MALDONADO","PLAYA GRANDE",20200
"MALDONADO","LA FALDA",20200
"MALDONADO","LAS FLORES - ESTACION",20200
"MALDONADO","SOLIS",20200
"MALDONADO","PUNTA COLORADA",20200
"MALDONADO","PUNTA NEGRA",20200
"MALDONADO","BARRA DE PORTEZUELO",20200
"MALDONADO","SAN FRANCISCO",20200
"MALDONADO","COLONIA J. SUAREZ",20200
"MALDONADO","PLAYA HERMOSA",20200
"MALDONADO","GREGORIO AZNAREZ",20300
"MALDONADO","CERROS AZULES",20300
"MALDONADO","PAN DE AZUCAR",20300
"MALDONADO","NUEVA CARRARA",20300
"MALDONADO","LA SIERRA",20300
"MALDONADO","PUNTAS DE LA SIERRA",20300
"MALDONADO","GERONA",20300
"MALDONADO","PUEBLO SOLIS",20300
"MALDONADO","RUTA 37 Y 9",20300
"MALDONADO","GARZON",20400
"MALDONADO","SAN CARLOS",20400
"MALDONADO","EL QUIJOTE",20400
"MALDONADO","PARQUE MEDINA",20400
"MALDONADO","CARAPE",20400
"MALDONADO","PUNTAS DE JOSE IGNACIO",20400
"MALDONADO","PASO DE LA CANTERA",20400
"MALDONADO","MOLLES DE GARZON",20400
"MALDONADO","COSTAS DE JOSE IGNACIO",20400
"MALDONADO","PUNTAS DEL CAMPANERA",20400
"MALDONADO","JOSE IGNACIO",20400
"MALDONADO","LAS CAÑAS",20400
"MALDONADO","ARROYITO DE MEDINA",20400
"MALDONADO","CORTE DE LA LEÑA",20400
"MALDONADO","PARTIDO NORTE",20400
"MALDONADO","GUARDIA VIEJA",20400
"MALDONADO","ABRA DE PERDOMO",20400
"MALDONADO","PARTIDO OESTE",20400
"MALDONADO","CARLOS CAL",20400
"MALDONADO","ALFARO",20400
"MALDONADO","LOS CEIBOS",20400
"MALDONADO","PAGO DE LA PAJA",20400
"MALDONADO","CAÑADA BELLACA",20400
"MALDONADO","CAÑADA DE LA CRUZ",20400
"MALDONADO","AIGUA",20500
"LAVALLEJA","MARMARAJA",20500
"LAVALLEJA","PASO DE LOS TRONCOS",20500
"LAVALLEJA","PORORO",20500
"LAVALLEJA","PUENTE DE MARMARAJA",20500
"LAVALLEJA","SAUCE DE AIGUA",20500
"MALDONADO","VALDIVIA",20500
"MALDONADO","ALFEREZ",20500
"MALDONADO","SALAMANCA",20500
"MALDONADO","SARANDI DE AIGUA",20500
"MALDONADO","PASO DE LOS TALAS",20500
"MALDONADO","SAUCE DE AIGUA",20500
"MALDONADO","CORONILLA",20500
"ROCHA","ROCHA",27000
"ROCHA","PUERTO DE LOS BOTES",27000
"ROCHA","LA RIBIERA",27000
"ROCHA","19 DE ABRIL",27000
"ROCHA","INDIA MUERTA",27000
"ROCHA","SARANDI DE LA INDIA MUERTA",27000
"ROCHA","PUNTAS DE DON CARLOS",27000
"ROCHA","LOMAS",27000
"ROCHA","ARBOLITO",27000
"ROCHA","KILOMETRO 18",27000
"ROCHA","LA CENTINELA",27000
"ROCHA","LA SIERRA",27000
"ROCHA","SIERRA DE LOS ROCHA",27000
"ROCHA","LOS CERRILLOS",27000
"ROCHA","GARZON ARRIBA",27000
"ROCHA","SAUCE DE ROCHA",27000
"ROCHA","PICADA TOLOSA",27000
"ROCHA","EL CANELON",27000
"ROCHA","GARZON AL MEDIO",27000
"ROCHA","CUCHILLA DE GARZON",27000
"ROCHA","GARZON ABAJO",27000
"ROCHA","PASO DOÑA ROSA",27000
"ROCHA","PARALLE",27000
"ROCHA","18 DE JULIO",27100
"ROCHA","CHUY",27100
"ROCHA","CAPACHO",27100
"ROCHA","LA CORONILLA",27100
"ROCHA","LOS INDIOS",27100
"ROCHA","FORTIN DE SAN MIGUEL",27100
"ROCHA","BARRA DEL CHUY",27100
"ROCHA","PUIMAYEN",27100
"ROCHA","LA FORTALEZA DE SANTA TERESA",27100
"ROCHA","SAMUEL",27100
"ROCHA","BARRIO PEREIRA",27100
"ROCHA","BARRANCAS DE LA CORONILLA",27100
"ROCHA","BARRIO CARPACHO",27100
"ROCHA","PALMARES DE LA CORONILLA",27100
"ROCHA","CASTILLOS",27200
"ROCHA","BARRA DE VALIZAS",27200
"ROCHA","BARRIO TORRES",27200
"ROCHA","AGUAS DULCES",27200
"ROCHA","CABO POLONIO",27200
"ROCHA","PUNTA DEL DIABLO",27200
"ROCHA","PUNTA PALMAR",27200
"ROCHA","CERRO DE LOS ROCHA",27200
"ROCHA","PALMAR",27200
"ROCHA","VUELTA DEL PALMAR",27200
"ROCHA","BARRIO CARDOZO",27200
"ROCHA","PALMAR DE CASTILLOS",27200
"ROCHA","RINCON DE LOS OLIVERA",27200
"ROCHA","CERRO DE PESCADORES",27200
"ROCHA","RINCON DE VALIZAS",27200
"ROCHA","ORATORIO",27200
"ROCHA","PLANO 291",27200
"ROCHA","PUENTE VALIZAS",27200
"ROCHA","LA ESMERALDA",27200
"ROCHA","PASO DEL BAÑADO",27200
"ROCHA","VELAZQUEZ",27300
"ROCHA","CEBOLLATI",27300
"ROCHA","SAN LUIS AL MEDIO",27300
"MALDONADO","LOS TALAS",27300
"ROCHA","LASCANO",27300
"ROCHA","ALFEREZ",27300
"ROCHA","BARRA ISLA NEGRA",27300
"ROCHA","ISLA NEGRA",27300
"ROCHA","PASO DEL OMBU",27300
"ROCHA","PASO DE LOPEZ",27300
"ROCHA","QUEBRACHO",27300
"ROCHA","BARRIO PORVENIR",27300
"ROCHA","ABRA DE ALFEREZ",27300
"ROCHA","LOS AJOS",27300
"ROCHA","EL CHIMANGO",27300
"ROCHA","COLONIA GREISSING",27300
"ROCHA","EMPALME DE VELAZQUEZ",27300
"ROCHA","LA TUNA",27300
"ROCHA","CUCHILLA DEL ARBOLITO",27300
"MALDONADO","RINCON DE APARICIO",27300
"ROCHA","PUNTA CEBOLLATI",27300
"ROCHA","COSTAS DE CEBOLLATI",27300
"ROCHA","COSTA AZUL",27400
"ROCHA","LA AGUADA",27400
"ROCHA","BALNEARIO PUEBLO NUEVO",27400
"ROCHA","SAN SEBASTIAN",27400
"ROCHA","PUEBLO NUEVO",27400
"ROCHA","LA PEDRERA",27400
"ROCHA","OCEANIA DEL POLONIO",27400
"ROCHA","SAN ANTONIO",27400
"ROCHA","PUERTO LA PALOMA",27400
"ROCHA","ANTONIOPOLIS",27400
"ROCHA","PUNTA RUBIA",27400
"ROCHA","TAJAMARES DE LA PEDRERA",27400
"ROCHA","LA AGUADA Y COSTA AZUL",27400
"ROCHA","SAN SEBASTIAN DE LA PEDRERA",27400
"ROCHA","ARACHANIA",27400
"LAVALLEJA","POLANCO NORTE",30000
"LAVALLEJA","CONSEJO DEL NIÑO",30000
"LAVALLEJA","COLON",30000
"LAVALLEJA","VILLA DEL ROSARIO",30000
"LAVALLEJA","ESTACION SOLIS",30000
"LAVALLEJA","EL ALTO",30000
"LAVALLEJA","LA PLATA",30000
"LAVALLEJA","VEJIGAS",30000
"LAVALLEJA","LAS ACHIRAS",30000
"LAVALLEJA","RINCON DE MARISCALA",30000
"LAVALLEJA","RINCON DE SILVA",30000
"LAVALLEJA","LOS TAPES",30000
"LAVALLEJA","PASO DE MESA",30000
"LAVALLEJA","BARRIGA NEGRA",30000
"LAVALLEJA","TAPES GRANDE",30000
"LAVALLEJA","TAPES CHICO",30000
"LAVALLEJA","PUNTAS DE BARRIGA NEGRA",30000
"LAVALLEJA","CERRO PELADO",30000
"LAVALLEJA","MARCO DE LOS REYES",30000
"LAVALLEJA","LADRILLOS",30000
"LAVALLEJA","MANGUERA AZUL",30000
"LAVALLEJA","POLANCO",30000
"LAVALLEJA","POLANCO SUR",30000
"LAVALLEJA","PUNTAS DE POLANCO",30000
"LAVALLEJA","CHAMAME",30000
"LAVALLEJA","ESPUELITAS",30000
"LAVALLEJA","SIERRAS BLANCAS",30000
"LAVALLEJA","LA CUCHILLA",30000
"LAVALLEJA","COSTAS DEL SOLDADO",30000
"LAVALLEJA","CASUPA CHICO",30000
"LAVALLEJA","PUNTAS DE SANTA LUCIA",30000
"LAVALLEJA","ARROYO DEL MEDIO",30000
"LAVALLEJA","COSTA DEL LENGUAZO",30000
"LAVALLEJA","EL SOLDADO",30000
"LAVALLEJA","PUNTAS DEL PERDIDO",30000
"LAVALLEJA","ORTIZ CASTRO",30000
"LAVALLEJA","ESTACION ORTIZ",30000
"LAVALLEJA","HIGUERITAS",30000
"LAVALLEJA","CAMPANERO",30000
"LAVALLEJA","VERDUN",30000
"LAVALLEJA","CANTERAS DEL VERDUN",30000
"LAVALLEJA","AREQUITA",30000
"LAVALLEJA","EL PERDIDO",30000
"LAVALLEJA","SANTA LUCIA",30000
"LAVALLEJA","SOLDADO",30000
"LAVALLEJA","PUNTAS DE LOS CHANCHOS",30000
"LAVALLEJA","VELAZQUEZ",30000
"LAVALLEJA","PUNTAS DE SAN FRANCISCO",30000
"LAVALLEJA","ABRA DE ZABALETA",30000
"LAVALLEJA","EL TIGRE",30000
"LAVALLEJA","ROLDAN",30000
"LAVALLEJA","PUNTAS DE VEJIGAS",30000
"LAVALLEJA","PUNTAS DE SOLIS",30000
"LAVALLEJA","ARROYO DE LOS PATOS",30000
"LAVALLEJA","OMBUES DE BENTANCOR",30000
"LAVALLEJA","BARRA DE LOS CHANCHOS",30000
"LAVALLEJA","BARRANCAS",30000
"LAVALLEJA","VALLE DE SOLIS",30000
"LAVALLEJA","SOLIS",30000
"LAVALLEJA","ESTACION ANDREONI",30000
"LAVALLEJA","MINAS",30000
"LAVALLEJA","MOLLES DE AIGUA",30000
"LAVALLEJA","BLANES VIALE",30000
"LAVALLEJA","PIRARAJA",30000
"LAVALLEJA","SAN FRANCISCO DE LAS SIERRAS",30000
"LAVALLEJA","MARISCALA",30000
"LAVALLEJA","VILLA SERRANA",30000
"LAVALLEJA","BARRIO LA CORONILLA - ANCAP",30000
"LAVALLEJA","SOLIS DE MATAOJO",30100
"LAVALLEJA","AGUAS BLANCAS",30100
"LAVALLEJA","PASO ARBELO",30100
"MALDONADO","ABRA DE CASTELLANOS",30100
"CANELONES","SAUCE DE SOLIS",30100
"CANELONES","PASO ARBELO",30100
"LAVALLEJA","ARAMENDIA",30300
"TREINTA Y TRES","EL BELLACO",30300
"LAVALLEJA","19 DE JUNIO",30300
"TREINTA Y TRES","MARIA ALBINA",30300
"LAVALLEJA","COSTAS DE CORRALES",30300
"LAVALLEJA","ALONSO",30300
"LAVALLEJA","CARNALES",30300
"LAVALLEJA","GUTIERREZ",30300
"LAVALLEJA","SARANDI DE GUTIERREZ",30300
"LAVALLEJA","RINCON DE CEBOLLATI",30300
"LAVALLEJA","AZUCAR",30300
"LAVALLEJA","RETAMOSA",30300
"LAVALLEJA","MOLLES DE CAÑADA GRANDE",30300
"TREINTA Y TRES","PANTEON",30300
"TREINTA Y TRES","PASO DEL SAUCE",30300
"TREINTA Y TRES","CORRALES DE CEBOLLATI",30300
"TREINTA Y TRES","SAUCE DE CORRALES",30300
"LAVALLEJA","JOSE PEDRO VARELA",30300
"TREINTA Y TRES","COSTAS DEL SARANDI",31100
"TREINTA Y TRES","BAÑADO DE ORO",31100
"TREINTA Y TRES","ARROCERA EL TIGRE",31100
"TREINTA Y TRES","ARROZAL TREINTA Y TRES",31100
"TREINTA Y TRES","ARROCERA LAS PALMAS",31100
"TREINTA Y TRES","VERGARA",31100
"TREINTA Y TRES","ARROCERA ZAPATA",31100
"TREINTA Y TRES","PASO DE PIRIZ",31100
"TREINTA Y TRES","SIETE CASAS",31100
"TREINTA Y TRES","CUCHILLA DE OLMOS",31100
"TREINTA Y TRES","ARROCERA MINI",31100
"TREINTA Y TRES","ARROCERA LOS CEIBOS",31100
"TREINTA Y TRES","CAÑADA DEL SAUCE",33000
"TREINTA Y TRES","PUNTAS DEL PARAO",33000
"TREINTA Y TRES","CERRO PELADO",33000
"TREINTA Y TRES","RINCON",33000
"TREINTA Y TRES","POBLADO ALONZO",33000
"TREINTA Y TRES","VILLA PASSANO",33000
"TREINTA Y TRES","MENDIZABAL",33000
"TREINTA Y TRES","TREINTA Y TRES",33000
"TREINTA Y TRES","VILLA SARA",33000
"TREINTA Y TRES","ARROCERA PROCIPA",33000
"TREINTA Y TRES","ARROCERA SANTA FE",33000
"TREINTA Y TRES","RINCON DE QUINTANA",33000
"TREINTA Y TRES","CIPA SECADOR",33000
"TREINTA Y TRES","CIPA OLIMAR",33000
"TREINTA Y TRES","LA LATA",33000
"TREINTA Y TRES","CUCHILLA DE DIONISIO",33000
"TREINTA Y TRES","CERROS DE AMARO",33000
"TREINTA Y TRES","PUNTAS DE LEONCHO",33000
"TREINTA Y TRES","HIGUERONES",33000
"TREINTA Y TRES","LA CALAVERA",33000
"TREINTA Y TRES","EL CATETE",33000
"TREINTA Y TRES","PUNTAS DEL ORO",33000
"TREINTA Y TRES","PUNTAS DE LOS CEIBOS",33000
"TREINTA Y TRES","JULIO MARIA SANZ",33000
"TREINTA Y TRES","LOS CEIBOS",33000
"TREINTA Y TRES","PASO ANCHO",33000
"TREINTA Y TRES","LAS CHACRAS",33000
"TREINTA Y TRES","PASO DE LA LAGUNA",33000
"TREINTA Y TRES","OLIMAR GRANDE",33000
"TREINTA Y TRES","LECHIGUANA DE CORRALES",33000
"TREINTA Y TRES","ARRAYANES DE CORRAL DE CEBOLLATI",33000
"TREINTA Y TRES","CAÑADA DE LAS PIEDRAS",33000
"TREINTA Y TRES","ARRAYANES DE CEBOLLATI",33000
"TREINTA Y TRES","CIPA CEBOLLATI",33000
"TREINTA Y TRES","PUNTAS DE QUEBRACHO",33000
"TREINTA Y TRES","YERBAL CHICO",33000
"TREINTA Y TRES","SIERRA DEL YERBAL",33000
"TREINTA Y TRES","YERBALITO",33000
"TREINTA Y TRES","RINCON DE IGUINI",33000
"TREINTA Y TRES","MATE DULCE",33000
"TREINTA Y TRES","AVESTRUZ CHICO",33000
"TREINTA Y TRES","RINCON DE LOS FRANCOS",33000
"TREINTA Y TRES","BARRIO ABREU",33000
"TREINTA Y TRES","VERDE ALTO",33000
"TREINTA Y TRES","COSTAS DEL ARROYO MALO",33000
"TREINTA Y TRES","LA CALERA",33000
"TREINTA Y TRES","MOLLES DE OLIMAR",33000
"TREINTA Y TRES","RINCON DE GADEA",33000
"TREINTA Y TRES","CAÑADA CHICA",33000
"TREINTA Y TRES","GRAL. ENRIQUE MARTINEZ",33000
"TREINTA Y TRES","PALO A PIQUE",33000
"TREINTA Y TRES","MARIA ISABEL",33000
"TREINTA Y TRES","ARROCERA BONOMO",33000
"TREINTA Y TRES","ARROCERA LOS TEROS",33000
"TREINTA Y TRES","EJIDO DE TREINTA Y TRES",33000
"TREINTA Y TRES","ACOSTA",33000
"LAVALLEJA","ZAPICAN",34100
"LAVALLEJA","MOLLES DEL SAUCE",34100
"LAVALLEJA","SAUCE DE OLIMAR CHICO",34100
"LAVALLEJA","ILLESCAS",34200
"FLORIDA","NICO PEREZ",34200
"FLORIDA","ARRAYAN",34200
"LAVALLEJA","LARROSA",34200
"LAVALLEJA","GODOY",34200
"FLORIDA","MOLLES DEL PESCADO",34200
"FLORIDA","PUNTAS DE ILLESCAS",34200
"LAVALLEJA","JOSE BATLLE Y ORDOÑEZ",34200
"TREINTA Y TRES","VALENTINES",35100
"FLORIDA","PUEBLO DE LOS MOROCHOS",35100
"TREINTA Y TRES","LAS PAVAS",35100
"TREINTA Y TRES","PASO DE LA ATAHONA",35100
"TREINTA Y TRES","RINCON DE URTUBEY",35100
"TREINTA Y TRES","PASO DE AVERIAS",35100
"TREINTA Y TRES","NOQUES DE OLIMAR CHICO",35100
"TREINTA Y TRES","CERRO CHATO",35200
"TREINTA Y TRES","EL CARMEN",35200
"CERRO LARGO","CUCHILLA DEL CARMEN",35300
"CERRO LARGO","ESPERANZA",35300
"CERRO LARGO","AREVALO",35300
"TREINTA Y TRES","SANTA CLARA DE OLIMAR",35300
"CERRO LARGO","TUPAMBAE",36100
"CERRO LARGO","LAGUNA DEL JUNCO",36100
"CERRO LARGO","FRAILE MUERTO",36200
"CERRO LARGO","TRES ISLAS",36200
"CERRO LARGO","CERRO DE LAS CUENTAS",36200
"CERRO LARGO","SANCHEZ",36200
"CERRO LARGO","LOS CERROS",36200
"CERRO LARGO","RINCON DE LA URBANA",36200
"CERRO LARGO","RINCON DE SUAREZ",36200
"CERRO LARGO","PASO DE LOS CARROS",36200
"CERRO LARGO","AGUIRRE",36200
"CERRO LARGO","RINCON DE PY",36200
"CERRO LARGO","GANEN",36200
"CERRO LARGO","RINCON DE CONTRERAS",36200
"CERRO LARGO","PUNTAS DE TACUARI",36200
"CERRO LARGO","LAS LIMAS",36200
"CERRO LARGO","CALERA DE RECALDE",36200
"CERRO LARGO","COIMBRA",36200
"CERRO LARGO","TOLEDO",36200
"CERRO LARGO","WENCESLAO SILVERA",36200
"CERRO LARGO","QUEBRACHO",36200
"CERRO LARGO","PIÑEIRO",36200
"CERRO LARGO","RAMON TRIGO",37000
"CERRO LARGO","ASPEREZAS",37000
"CERRO LARGO","PUNTAS DE MOLLES",37000
"CERRO LARGO","CASA DE LAS CRONICAS",37000
"CERRO LARGO","HIPODROMO",37000
"CERRO LARGO","BARRIO LA VINCHUCA",37000
"CERRO LARGO","ESCUELA DE AGRONOMIA",37000
"CERRO LARGO","MANGRULLO",37000
"CERRO LARGO","MELO",37000
"CERRO LARGO","ARACHANIA",37000
"CERRO LARGO","ISIDORO NOBLIA",37000
"CERRO LARGO","ARBOLITO",37000
"CERRO LARGO","ÑANGAPIRE",37000
"CERRO LARGO","LA PEDRERA",37000
"CERRO LARGO","NANDO",37000
"CERRO LARGO","CENTURION",37000
"CERRO LARGO","INFIERNILLO",37000
"CERRO LARGO","MARIA ISABEL",37000
"CERRO LARGO","PASO MELO",37000
"CERRO LARGO","SAN DIEGO",37000
"CERRO LARGO","BERACHI",37000
"CERRO LARGO","FALDA DE SIERRA DE LOS RIOS",37000
"CERRO LARGO","CEMENTERIO",37000
"CERRO LARGO","RINCON DE PAIVA",37000
"CERRO LARGO","DURAZNERO",37000
"CERRO LARGO","LA GLORIA",37000
"CERRO LARGO","CUCHILLA PERALTA",37000
"CERRO LARGO","MONTECITO",37000
"CERRO LARGO","RODRIGUEZ",37000
"CERRO LARGO","CORRAL DE PIEDRA",37000
"CERRO LARGO","PUNTAS DE AMARILLO",37000
"CERRO LARGO","CUCHILLA CAMBOTA",37000
"CERRO LARGO","CUCHILLA DEL PARAISO",37000
"CERRO LARGO","RINCON DE LOS CORONELES",37000
"CERRO LARGO","LA MICAELA",37000
"CERRO LARGO","CAÑITAS",37000
"CERRO LARGO","SALDAÑAS",37000
"CERRO LARGO","RINCON DE TACUARI",37000
"CERRO LARGO","PASO DE LAS YEGUAS",37000
"CERRO LARGO","MINUANO DE ACEGUA",37000
"CERRO LARGO","MISTERIO",37000
"CERRO LARGO","PUNTAS DE LA MINA",37000
"CERRO LARGO","LA MINA",37000
"CERRO LARGO","CUCHILLA DE MELO",37000
"CERRO LARGO","GRANJA DE ACEGUA",37000
"CERRO LARGO","PANTEON",37000
"CERRO LARGO","SARANDI DE ACEGUA",37000
"CERRO LARGO","CRUZ DE PIEDRA",37000
"CERRO LARGO","BUENA VISTA",37000
"CERRO LARGO","COLONIA MARIA TERESA",37000
"CERRO LARGO","PUNTAS DE PALLEROS",37000
"CERRO LARGO","SAUCE DE CONVENTOS",37000
"CERRO LARGO","PUENTE NEGRO",37000
"CERRO LARGO","TRES BOLICHES",37000
"CERRO LARGO","PASO DE LAS TROPAS",37000
"CERRO LARGO","COLONIA OROZCO",37000
"CERRO LARGO","CHACRAS DE MELO",37000
"CERRO LARGO","CONVENTOS",37000
"CERRO LARGO","GRANJA PALLERO",37000
"CERRO LARGO","CAÑADA SARANDI",37000
"CERRO LARGO","VILLA VIÑOLES",37000
"CERRO LARGO","COLONIA CERES",37000
"CERRO LARGO","PASO DE LA CRUZ",37000
"CERRO LARGO","SANTA TERESA",37000
"CERRO LARGO","AMARILLO",37000
"CERRO LARGO","GUAZUNAMBI",37000
"CERRO LARGO","CAMPAMENTO",37000
"CERRO LARGO","MAZANGANO",37000
"CERRO LARGO","BARRIO LOPEZ BENITEZ",37000
"CERRO LARGO","CASERIO LAS CAÑAS",37000
"CERRO LARGO","BAÑADO DE MEDINA",37000
"CERRO LARGO","SOTO GORO",37000
"CERRO LARGO","ACEGUA",37000
"CERRO LARGO","PEÑAROL",37000
"CERRO LARGO","BAÑADO DE LAS PAJAS",37100
"TREINTA Y TRES","ARROCERA SAN FERNANDO",37100
"TREINTA Y TRES","ARROCERA LA CATUMBERA",37100
"TREINTA Y TRES","ARROCERA LA QUERENCIA",37100
"CERRO LARGO","CAÑADA GRANDE",37100
"CERRO LARGO","PRESIDENTE DOCTOR GETULIO VARGAS",37100
"CERRO LARGO","ARROYO MALO",37100
"CERRO LARGO","POBLADO URUGUAY",37100
"CERRO LARGO","PLACIDO ROSAS",37100
"TREINTA Y TRES","ARROCERA RINCON",37100
"CERRO LARGO","SARANDI DE YAGUARON",37100
"CERRO LARGO","PICADA DE MAYA",37100
"CERRO LARGO","URUGUAY",37100
"CERRO LARGO","ARROZAL ROSALES",37100
"CERRO LARGO","PUNTAS DEL SAUCE",37100
"CERRO LARGO","LA CORONILLA",37100
"CERRO LARGO","ARROZAL CESARONE",37100
"CERRO LARGO","SAN SERVANDO",37100
"CERRO LARGO","CAÑADA DE SANTOS",37100
"CERRO LARGO","BARRA DEL SAUCE",37100
"CERRO LARGO","PICADA DE SALOME",37100
"CERRO LARGO","BARRA DEL TACUARI",37100
"CERRO LARGO","SARANDI DE BARCELO",37100
"CERRO LARGO","RINCON DE LOS OLIVERA",37100
"CERRO LARGO","GARAO",37100
"TREINTA Y TRES","COSTAS DE TACUARI",37100
"CERRO LARGO","LAGO MERIN",37100
"CERRO LARGO","RIO BRANCO",37100
"RIVERA","LA PEDRERA",40000
"RIVERA","PASO LAPUENTE",40000
"RIVERA","SANTA ISABEL",40000
"RIVERA","TRES CRUCES",40000
"RIVERA","BAÑADO DEL CHAJA",40000
"RIVERA","PASO SERPA",40000
"RIVERA","ARROYO SAUZAL",40000
"RIVERA","LAGUNON",40000
"RIVERA","PASO ATAQUES",40000
"RIVERA","SANTA TERESA",40000
"RIVERA","CERRILLADA",40000
"RIVERA","MANDUBI",40000
"RIVERA","PASO DEL LAGUNON",40000
"RIVERA","VILLA INDART",40000
"RIVERA","CRUZ DE SAN PEDRO",40000
"RIVERA","YAGUARI",40000
"RIVERA","GUAVIYU",40000
"RIVERA","LA CAILLAVA",40000
"RIVERA","PUNTAS DEL YAGUARI",40000
"RIVERA","CUCHILLA MANGUERAS",40000
"RIVERA","TRES PUENTES",40000
"RIVERA","BATOVI",40000
"RIVERA","CAPON ALTO",40000
"RIVERA","ATAQUES",40000
"RIVERA","PASO DEL TAPADO",40000
"RIVERA","PUNTAS DE CORRALES",40000
"RIVERA","CERRO CHAPEU",40000
"RIVERA","CERRO CAQUEIRO",40000
"RIVERA","CURTICEIRAS",40000
"RIVERA","CUCHILLA DE TRES CERROS",40000
"RIVERA","PUNTAS DE CUÑAPIRU",40000
"RIVERA","RIVERA",40000
"RIVERA","CERRO SOLITO",40000
"RIVERA","SAUCE DE BATOVI",40000
"RIVERA","BARRA DE ATAQUES",40000
"RIVERA","PLATON",40000
"RIVERA","LAGOS DEL NORTE",40000
"RIVERA","BARRIO RECREO",40000
"RIVERA","ZANJA HONDA DE TRANQUERAS",40100
"RIVERA","TRANQUERAS",40100
"RIVERA","PASO DE LA CALERA",40100
"RIVERA","PASO DE ATAQUES",40100
"RIVERA","LOS POTREROS",40100
"RIVERA","RINCON DE MORAES",40100
"RIVERA","PARADA MEDINA",40100
"RIVERA","SAUZAL",40100
"RIVERA","PUNTAS DEL SAUZAL",40100
"RIVERA","BUENA UNION",40100
"RIVERA","PASO DE LA ARENA",40100
"RIVERA","CERRO ALEGRE",40100
"RIVERA","LA PALMA",40100
"RIVERA","LUNAREJO",40100
"RIVERA","PIEDRAS BLANCAS",40100
"RIVERA","MASOLLER",40200
"ARTIGAS","LIMITE CONTESTADO",40200
"RIVERA","PASO CASILDO",41100
"RIVERA","CERRO BLANCO DE CUÑAPIRU",41100
"RIVERA","CUÑAPIRU",41100
"RIVERA","CARPINTERIA",41100
"RIVERA","CERRO PELADO",41100
"RIVERA","LAS FLORES",41100
"RIVERA","BERRUTI",41100
"RIVERA","SEGARRA",41100
"RIVERA","CORONILLA DE CORRALES",41100
"RIVERA","CERRO PELADO AL ESTE",41100
"RIVERA","BLANQUILLOS",41100
"RIVERA","MINAS DE ZAPUCAY",41100
"RIVERA","LAURELES",41100
"RIVERA","BUENA ORDEN AL NORTE",41100
"RIVERA","CUCHILLA DE YAGUARI",41100
"RIVERA","CURTUME",41100
"RIVERA","RINCON DE ROLAND",41100
"RIVERA","SANTA ERNESTINA",41100
"RIVERA","COSTAS DE CUÑAPIRU",41100
"RIVERA","MINAS DE CUÑAPIRU (USINAS)",41100
"RIVERA","SAN GREGORIO",41100
"RIVERA","RINCON DE LOS CASTILLOS",41100
"RIVERA","LA CALERA",41100
"RIVERA","CERROS DE LA CALERA",41100
"RIVERA","MINAS DE CORRALES",41100
"RIVERA","MOIRONES",41200
"RIVERA","HOSPITAL",41200
"RIVERA","AMARILLO",41200
"RIVERA","VICHADERO",41200
"RIVERA","EL CEIBO",41200
"RIVERA","PASO DE FRONTERA",41200
"RIVERA","PASO DEL PUERTO",41200
"RIVERA","EL PALMITO",41200
"RIVERA","ZANJA HONDA",41200
"RIVERA","PASO DE ARRIERA",41200
"RIVERA","PUEBLO DE LOS SANTOS",41200
"RIVERA","LA CHILCA",41200
"RIVERA","RINCON DE RODRIGUEZ",41200
"RIVERA","RINCON DE AMARILLO",41200
"RIVERA","RINCON DE YAGUARI",41200
"RIVERA","LA CERRILLADA",41200
"RIVERA","CERROS BLANCOS",41200
"RIVERA","CHIRCA DE CARAGUATA",41200
"RIVERA","PUNTAS DE ABROJAL",41200
"RIVERA","CERRO CHATO",41200
"RIVERA","ABROJAL",41200
"RIVERA","PUEBLO SOCORRO",41200
"RIVERA","CARAGUATA",41200
"RIVERA","ALBORADA",41200
"RIVERA","CORONILLA",41200
"RIVERA","PASO AMARILLO",41200
"RIVERA","ARROYO BLANCO",41200
"TACUAREMBO","LOS MALAVARES",45000
"TACUAREMBO","PASO LIVINDO",45000
"TACUAREMBO","SAUCE SOLO DEL RIO NEGRO",45000
"TACUAREMBO","CARAGUATA AL NORTE",45000
"TACUAREMBO","LOS ORTICES",45000
"TACUAREMBO","LAS ARENAS",45000
"TACUAREMBO","LA BOLSA 02",45000
"TACUAREMBO","LARRAYOS",45000
"TACUAREMBO","LOS GOMEZ",45000
"TACUAREMBO","LOS GARCIA",45000
"TACUAREMBO","LAURA",45000
"TACUAREMBO","COSTAS DE CARAGUATA",45000
"TACUAREMBO","TRES GUITARRAS",45000
"TACUAREMBO","PUEBLO CLAVIJO",45000
"TACUAREMBO","BARRIO LA MATUTINA",45000
"TACUAREMBO","BAÑADO DE CAÑAS",45000
"TACUAREMBO","RINCON DE PEREIRA",45000
"TACUAREMBO","PUEBLO DE ARRIBA",45000
"TACUAREMBO","PUEBLO DEL BARRO",45000
"TACUAREMBO","SAUCE DE BATOVI",45000
"TACUAREMBO","LA HILERA",45000
"TACUAREMBO","PASO DE LAS TOSCAS",45000
"TACUAREMBO","BARRIO LOPEZ",45000
"TACUAREMBO","BARRIO SANTANGELO",45000
"RIVERA","MANUEL DIAZ",45000
"TACUAREMBO","BARRIO TORRES",45000
"TACUAREMBO","PASO DEL CERRO",45000
"TACUAREMBO","RIVERA CHICO",45000
"TACUAREMBO","PASO DE LOS NOVILLOS",45000
"TACUAREMBO","FRIGORIFICO MODELO",45000
"PAYSANDU","PIEDRA SOLA",45000
"TACUAREMBO","ACHAR",45000
"TACUAREMBO","PASO BONILLA",45000
"PAYSANDU","TAMBORES",45000
"TACUAREMBO","CRUZ DE LOS CAMINOS",45000
"TACUAREMBO","TURUPI",45000
"TACUAREMBO","PASO DE CEFERINO",45000
"TACUAREMBO","HERIBERTO",45000
"TACUAREMBO","CURTINA",45000
"TACUAREMBO","CLARA",45000
"TACUAREMBO","LAS TOSCAS DE CARAGUATA",45000
"TACUAREMBO","LAURELES",45000
"TACUAREMBO","PUNTAS DE CINCO SAUCES",45000
"TACUAREMBO","BALNEARIO IPORA",45000
"TACUAREMBO","LAS CHIRCAS",45000
"TACUAREMBO","LAS PAJAS",45000
"TACUAREMBO","MINUANO",45000
"TACUAREMBO","LOS VAZQUEZ",45000
"TACUAREMBO","LOS ROSAS",45000
"TACUAREMBO","PICADA DE CUELLO",45000
"TACUAREMBO","CINCO SAUCES",45000
"TACUAREMBO","CERRO DE PEREIRA",45000
"TACUAREMBO","LOS FEOS",45000
"TACUAREMBO","CUCHILLA DE LA PALMA",45000
"TACUAREMBO","LA BOLSA 01",45000
"TACUAREMBO","COSTAS DE TRES CRUCES",45000
"TACUAREMBO","RINCON DE GILOCA",45000
"TACUAREMBO","ZAPUCAY",45000
"TACUAREMBO","ZAMBULLON",45000
"TACUAREMBO","LOS SEMPER",45000
"TACUAREMBO","RINCON DE LA LAGUNA",45000
"TACUAREMBO","SAN JOAQUIN",45000
"TACUAREMBO","RINCON DE ZAMORA",45000
"TACUAREMBO","PASO DE LAS FLORES",45000
"TACUAREMBO","CUCHILLA DE LAURELES",45000
"TACUAREMBO","PASO DEL MEDIO",45000
"TACUAREMBO","LAMBARE",45000
"TACUAREMBO","PASO DE LAS CARRETAS",45000
"TACUAREMBO","ATAQUE",45000
"TACUAREMBO","BAÑADO DE ROCHA",45000
"TACUAREMBO","CAÑAS",45000
"TACUAREMBO","ZAPARA",45000
"TACUAREMBO","SAUCE SOLO",45000
"TACUAREMBO","LA PALMA",45000
"TACUAREMBO","LA ALDEA",45000
"TACUAREMBO","RINCON DE LA ALDEA",45000
"TACUAREMBO","TIERRAS COLORADAS",45000
"TACUAREMBO","RINCON DE LA BOLSA",45000
"TACUAREMBO","LOS COITINHOS",45000
"TACUAREMBO","SAUCE DE TRANQUERAS",45000
"TACUAREMBO","BARRIO LIBERTAD",45000
"TACUAREMBO","CERRO BATOVI",45000
"TACUAREMBO","MARTINOTE",45000
"TACUAREMBO","COYO MARTINEZ",45000
"TACUAREMBO","CERROS DE CLARA",45000
"TACUAREMBO","LOS CUADRADOS",45000
"TACUAREMBO","COLMAN",45000
"TACUAREMBO","RINCON DE LOS MACHADO",45000
"TACUAREMBO","ONCE CERROS",45000
"TACUAREMBO","CERRO DEL ARBOLITO",45000
"TACUAREMBO","LOS FURTADOS",45000
"TACUAREMBO","ARROYO DEL MEDIO",45000
"TACUAREMBO","CHARATA",45000
"TACUAREMBO","PASO HONDO",45000
"TACUAREMBO","BLANQUILLOS",45000
"TACUAREMBO","RINCON DE FREITAS",45000
"TACUAREMBO","PASO VICTOR",45000
"TACUAREMBO","CUCHILLA DE LA CASA DE PIEDRA",45000
"TACUAREMBO","TACUAREMBO CHICO",45000
"TACUAREMBO","VALLE EDEN",45000
"TACUAREMBO","LOS ROSANOS",45000
"TACUAREMBO","EL EMPALME",45000
"TACUAREMBO","LOS RODRIGUEZ",45000
"TACUAREMBO","PASO DE PEREZ",45000
"TACUAREMBO","PAMPA",45000
"RIVERA","PASO DE GAIRE",45000
"RIVERA","RINCON DE DINIZ",45000
"RIVERA","TRES CERROS",45000
"RIVERA","RINCON DE TRES CERROS",45000
"CERRO LARGO","PASO PEREIRA",45000
"CERRO LARGO","PIEDRA ALTA",45000
"TACUAREMBO","VILLA ANSINA",45000
"TACUAREMBO","LA PEDRERA",45000
"TACUAREMBO","CERRO DE PASTOREO",45000
"TACUAREMBO","PUNTA DE CARRETERA",45000
"TACUAREMBO","CUCHILLA DEL OMBU",45000
"TACUAREMBO","CLAVIJO",45000
"TACUAREMBO","MONTEVIDEO CHICO",45000
"TACUAREMBO","TACUAREMBO",45000
"TACUAREMBO","PASO DE LOS TOROS",45100
"TACUAREMBO","RINCON DEL BONETE",45100
"RIO NEGRO","ISLA DE ARGUELLES",45100
"TACUAREMBO","ESTACION MENENDEZ",45100
"TACUAREMBO","CUCHILLA DE PERALTA",45100
"TACUAREMBO","CHAMBERLAIN",45100
"DURAZNO","PUEBLO CENTENARIO",45100
"RIO NEGRO","SARANDI DE NAVARRO",45100
"TACUAREMBO","CARDOZO CHICO",45100
"TACUAREMBO","CHURCHILL",45100
"DURAZNO","PARADA SUR",45100
"DURAZNO","PARISH",45100
"DURAZNO","MOLLES CHICO",45100
"RIO NEGRO","SANTA ROSA",45100
"RIO NEGRO","ESTACION FRANCIA",45100
"RIO NEGRO","LA CORONILLA",45100
"RIO NEGRO","PASO DE SOCA",45100
"RIO NEGRO","LA PALMA",45100
"RIO NEGRO","ROLON",45100
"RIO NEGRO","EL PROGRESO",45100
"TACUAREMBO","CARDOSO",45100
"DURAZNO","SARANDI DE LA CHINA",45100
"TACUAREMBO","SAN GREGORIO DE POLANCO",45200
"TACUAREMBO","SAN BENITO",45200
"TACUAREMBO","PUNTAS DE LAURELES",45200
"TACUAREMBO","LOS LAURELES",45200
"TACUAREMBO","CARPINTERIA",45200
"TACUAREMBO","LOS CERROS",45200
"TACUAREMBO","CAÑADA DEL ESTADO",45200
"TACUAREMBO","CERRO CHATO",45200
"SALTO","LA BOLSA",50000
"SALTO","COLONIA OSIMANI",50000
"SALTO","PUEBLO CAYETANO",50000
"SALTO","CUCHILLA DE GUAVIYU",50000
"SALTO","PUEBLO QUINTANA",50000
"SALTO","SARANDI DE ARAPEY",50000
"SALTO","COLONIA RUBIO",50000
"SALTO","CUCHILLA DEL SALTO",50000
"SALTO","MATAOJITO",50000
"SALTO","LA CABALLADA",50000
"SALTO","PUEBLO RAMOS",50000
"SALTO","PASO  VALEGA",50000
"SALTO","SOPAS",50000
"SALTO","COLONIA LAVALLEJA",50000
"SALTO","OSIMANI Y LLERENA",50000
"SALTO","PALOMAS",50000
"SALTO","LLUVERAS",50000
"SALTO","PUNTAS DE VALENTIN",50000
"SALTO","PASO DEL PARQUE DEL DAYMAN",50000
"SALTO","CELESTE",50000
"SALTO","GUAVIYU DE ARAPEY",50000
"SALTO","RUSSO",50000
"PAYSANDU","CHAPICUY",50000
"SALTO","OLIVERA",50000
"SALTO","COLONIA ITAPEBI",50000
"SALTO","SAUCEDO",50000
"SALTO","LAURELES",50000
"SALTO","BALNEARIO ALBISU",50000
"SALTO","SAN ANTONIO",50000
"SALTO","COLONIA 18 DE JULIO",50000
"SALTO","PUEBLO FERNANDEZ",50000
"SALTO","BIASSINI",50000
"SALTO","CAMPO DE TODOS",50000
"SALTO","ARENITAS BLANCAS",50000
"SALTO","CERROS DE VERA",50000
"SALTO","GARIBALDI",50000
"PAYSANDU","TOMAS PAZ",50000
"PAYSANDU","SAN MAURICIO",50000
"PAYSANDU","PARADA DAYMAN",50000
"SALTO","CORRAL DE PIEDRA",50000
"SALTO","LOS ORIENTALES",50000
"SALTO","ZANJA DEL TIGRE",50000
"SALTO","CERRO CHATO",50000
"SALTO","TORO NEGRO",50000
"SALTO","PASO DEL POTRERO",50000
"SALTO","CARUMBE",50000
"SALTO","CERRILLADA",50000
"SALTO","PASO DEL TAPADO",50000
"SALTO","BORDENAVE",50000
"SALTO","PASO NUEVO DEL ARAPEY",50000
"SALTO","MATAOJO GRANDE",50000
"SALTO","FERREIRA",50000
"SALTO","LA BOLSA 03",50000
"SALTO","ZANJA DE ALCAIN",50000
"SALTO","VALENTIN GRANDE",50000
"SALTO","LA BOLSA 02",50000
"SALTO","PASO FIALHO",50000
"SALTO","SAUCE CHICO",50000
"SALTO","EL MELLADO",50000
"SALTO","PUEBLO FARIAS",50000
"SALTO","CERRILLADAS DE SAUCEDO",50000
"SALTO","TALAS DE ITAPEBI",50000
"SALTO","LA VITICOLA",50000
"SALTO","TROPIEZO",50000
"SALTO","PARADA HERRERIA",50000
"SALTO","TROPEZON",50000
"SALTO","NUEVA HESPERIDES",50000
"SALTO","CORRALITO",50000
"SALTO","LAS FLORES",50000
"PAYSANDU","BELLA VISTA",50000
"SALTO","RINCON DE VALENTIN",50000
"SALTO","PASO CEMENTERIO",50000
"SALTO","PASO DE LAS PIEDRAS DE ARERUNGUA",50000
"SALTO","PARQUE JOSE LUIS",50000
"SALTO","ITAPEBI",50000
"SALTO","TERMAS DEL DAYMAN",50000
"SALTO","SALTO",50000
"SALTO","TERMAS DEL ARAPEY",50000
"SALTO","PEPE NUÑEZ",50000
"SALTO","CONSTITUCION",50100
"SALTO","EL ESPINILLAR",50100
"SALTO","CHACRAS DE CONSTITUCION",50100
"SALTO","BELEN",50200
"SALTO","CHACRAS DE BELEN",50200
"SALTO","YACUY",50200
"ARTIGAS","SARANDI DE YACUY",50200
"ARTIGAS","JAVIER DE VIANA",55000
"ARTIGAS","PASO FARIAS",55000
"ARTIGAS","COLONIA JOSE ARTIGAS",55000
"ARTIGAS","CERRO EJIDO",55000
"ARTIGAS","CERRO SAN EUGENIO",55000
"ARTIGAS","BALTASAR BRUM",55000
"ARTIGAS","BERNABE RIVERA",55000
"ARTIGAS","SEQUEIRA",55000
"ARTIGAS","PINTADITO",55000
"ARTIGAS","ARTIGAS",55000
"ARTIGAS","PATITAS",55000
"ARTIGAS","GUYUBIRA",55000
"ARTIGAS","PIEDRA PINTADA",55000
"ARTIGAS","CHIFLERO",55000
"ARTIGAS","COLONIA PINTADO",55000
"ARTIGAS","ESTIBA",55000
"ARTIGAS","TAMANDUA",55000
"ARTIGAS","PINTADO GRANDE",55000
"ARTIGAS","CATALAN VOLCAN",55000
"ARTIGAS","CATALAN GRANDE",55000
"ARTIGAS","MENESES",55000
"ARTIGAS","PASO DE RAMOS",55000
"ARTIGAS","TARUMAN",55000
"ARTIGAS","ZANJA ARUERA",55000
"ARTIGAS","SARANDI DE CUARO",55000
"ARTIGAS","PAGUERO",55000
"ARTIGAS","FAGUNDEZ",55000
"ARTIGAS","PASO DE LEON",55000
"ARTIGAS","CERRITO",55000
"ARTIGAS","PALMA SOLA",55000
"ARTIGAS","CERRO SIGNORELLI",55000
"ARTIGAS","CUARO",55000
"ARTIGAS","LA BOLSA",55000
"ARTIGAS","RINCON DE PACHECO",55000
"ARTIGAS","PASO CAMPAMENTO",55000
"ARTIGAS","TOPADOR",55000
"ARTIGAS","CAMAÑO",55000
"ARTIGAS","DIEGO LAMAS",55000
"ARTIGAS","PINTADO",55000
"ARTIGAS","CAINZA CAMPO 3",55100
"ARTIGAS","TOMAS GOMENSORO",55100
"ARTIGAS","COLONIA VIÑAR",55100
"ARTIGAS","COLONIA PALMA",55100
"ARTIGAS","PASO DE LA CRUZ",55100
"ARTIGAS","BELLA UNION",55100
"ARTIGAS","LAS PIEDRAS",55100
"ARTIGAS","FRANQUIA",55100
"ARTIGAS","CAINSA",55100
"ARTIGAS","CORONADO",55100
"ARTIGAS","CUAREIM",55100
"ARTIGAS","MONES QUINTELA",55100
"ARTIGAS","COLONIA ESPAÑA",55100
"ARTIGAS","COLONIA ESTRELLA",55100
"ARTIGAS","LENGUAZO",55100
"ARTIGAS","PAREDON",55100
"ARTIGAS","CALNU",55100
"ARTIGAS","PORT. DE HIERRO Y CAMPODONICO",55100
"PAYSANDU","CHACRAS DE PAYSANDU NORTE",60000
"PAYSANDU","LA PAZ (RUTA 3 KM. 346)",60000
"PAYSANDU","CANGUE",60000
"PAYSANDU","NUEVO PAYSANDU",60000
"PAYSANDU","PUEBLO FEDERACION",60000
"PAYSANDU","CUCHILLA DE BURICAYUPI",60000
"PAYSANDU","CASA BLANCA",60000
"PAYSANDU","LA TENTACION",60000
"PAYSANDU","ESTACION PORVENIR",60000
"PAYSANDU","MOLLES GRANDE",60000
"PAYSANDU","COLONIA LAS DELICIAS",60000
"PAYSANDU","PUEBLO ESPERANZA",60000
"PAYSANDU","GALLINAL",60000
"PAYSANDU","ZEBALLOS",60000
"PAYSANDU","SAN FELIX",60000
"PAYSANDU","PORVENIR",60000
"PAYSANDU","ORGOROSO",60000
"PAYSANDU","SOTO",60000
"PAYSANDU","CAÑADA DEL PUEBLO",60000
"PAYSANDU","CERRO CHATO",60000
"PAYSANDU","PERICO MORENO",60000
"PAYSANDU","PAYSANDU",60000
"RIO NEGRO","ULESTE",60000
"RIO NEGRO","ARROYO NEGRO",60000
"RIO NEGRO","SANTA ELISA",60000
"PAYSANDU","TRES BOCAS",60000
"PAYSANDU","PUNTAS DE BURICAYUPI",60000
"PAYSANDU","PUNTAS DE GUALEGUAY",60000
"PAYSANDU","SAUCE DEL BURICAYUPI",60000
"PAYSANDU","EL CHACO",60000
"PAYSANDU","EL HORNO",60000
"PAYSANDU","PASO DE LOS CARROS",60000
"PAYSANDU","EL TARUGO",60000
"PAYSANDU","QUEGUAY GRANDE",60000
"PAYSANDU","COLONIA URUGUAYA",60000
"PAYSANDU","GUAYABOS",60000
"PAYSANDU","PARADA PANDULE",60000
"PAYSANDU","EL DURAZNAL",60000
"PAYSANDU","PUNTAS DE BACACUA",60000
"PAYSANDU","CARUMBE",60000
"PAYSANDU","SAUCE DEL QUEGUAY",60000
"PAYSANDU","SAUCE DE ABAJO",60000
"PAYSANDU","PUNTAS DE LAS ISLETAS",60000
"PAYSANDU","ETCHEMENDI",60000
"PAYSANDU","VALDEZ",60000
"PAYSANDU","PUNTAS DE CANGUE",60000
"PAYSANDU","LAS PALMAS",60000
"PAYSANDU","COSTA DE SACRA",60000
"PAYSANDU","SAN FRANCISCO",60000
"PAYSANDU","COLONIA PAYSANDU",60000
"PAYSANDU","COLONIA CANGUE",60000
"PAYSANDU","SAN MIGUEL",60000
"PAYSANDU","RABON",60000
"PAYSANDU","LORENZO GEYRES",60000
"PAYSANDU","ARAUJO",60000
"PAYSANDU","EL EUCALIPTUS",60000
"PAYSANDU","QUEGUAYAR",60000
"PAYSANDU","CONSTANCIA",60000
"PAYSANDU","LA LATA RUTA 3 (KM. 375)",60000
"PAYSANDU","CUCHILLA SAN JOSE",60000
"PAYSANDU","CHACRAS DE PAYSANDU",60000
"PAYSANDU","CHACRAS DE PAYSANDU SUR",60000
"PAYSANDU","AL SUR DE ARROYO SACRA",60000
"PAYSANDU","TERMAS DE ALMIRON",60100
"PAYSANDU","PIÑERA",60100
"PAYSANDU","ARBOLITO (TOTORAL)",60100
"RIO NEGRO","LOS MELLIZOS",60100
"PAYSANDU","PUEBLO ALONZO",60100
"RIO NEGRO","MERINOS",60100
"PAYSANDU","GUICHON",60100
"PAYSANDU","COLONIA JUNCAL",60100
"RIO NEGRO","PUNTAS DE AVERIAS",60100
"RIO NEGRO","PALMAR GRANDE",60100
"PAYSANDU","CUCHILLA DE FUEGO",60100
"PAYSANDU","BEISSO",60100
"PAYSANDU","MORATO (TRES ARBOLES)",60100
"PAYSANDU","VILLA MARIA (TIATUCURA)",60100
"PAYSANDU","QUEBRACHO",60200
"PAYSANDU","TERMAS DE GUAVIYU",60200
"PAYSANDU","PARADA RIVAS",60200
"PAYSANDU","COLONIA SANTA BLANCA",60200
"PAYSANDU","SANTA KILDA",60200
"PAYSANDU","PALMAR DEL QUEBRACHO",60200
"PAYSANDU","GUAVIYU DE QUEBRACHO",60200
"PAYSANDU","ARROYO MALO",60200
"PAYSANDU","COLONIA ARROYO MALO",60200
"PAYSANDU","PUNTAS DE ARROYO NEGRO",60300
"PAYSANDU","LAS FLORES",60300
"PAYSANDU","ARROYO NEGRO",60300
"PAYSANDU","PIEDRAS COLORADAS",60300
"RIO NEGRO","ALGORTA",60400
"RIO NEGRO","TRES QUINTAS",61100
"RIO NEGRO","SAN JAVIER",61100
"RIO NEGRO","LAS CAÑAS",65000
"RIO NEGRO","BARRIO ANGLO",65000
"RIO NEGRO","NUEVO BERLIN",65000
"RIO NEGRO","CAÑITAS",65000
"RIO NEGRO","PORTON HAEDO",65000
"RIO NEGRO","PTE. SAN MARTIN",65000
"RIO NEGRO","FRAY BENTOS",65000
"RIO NEGRO","EL ABROJAL",65000
"RIO NEGRO","SAN LORENZO",65000
"RIO NEGRO","YAGUARETE",65000
"RIO NEGRO","OMBUCITOS",65000
"RIO NEGRO","LAS FRACCIONES",65000
"RIO NEGRO","LAS MARGARITAS",65000
"RIO NEGRO","CARACOLES",65000
"RIO NEGRO","LOS RANCHOS",65000
"RIO NEGRO","PUEBLO GRECCO",65100
"RIO NEGRO","COLONIA JOHN F. KENNEDY",65100
"DURAZNO","PALMAR DE PORRUA",65100
"RIO NEGRO","MENAFRA",65100
"RIO NEGRO","VILLA MARIA",65100
"RIO NEGRO","YOUNG",65100
"RIO NEGRO","COLONIA EL OMBU",65100
"RIO NEGRO","VILLA GENERAL BORGES",65100
"RIO NEGRO","BELLACO",65100
"RIO NEGRO","SARANDI",65100
"RIO NEGRO","VALLE DE SOBA",65100
"RIO NEGRO","PASO DE BALBUENA",65100
"RIO NEGRO","PAURU",65100
"RIO NEGRO","LAS FLORES",65100
"RIO NEGRO","MOLLES DE PORRUA",65100
"RIO NEGRO","EL SURCO",65100
"RIO NEGRO","PASO DE LEOPOLDO",65100
"RIO NEGRO","DON ESTEBAN",65100
"RIO NEGRO","MATAOJO",65100
"RIO NEGRO","SANTA ISABEL",65100
"RIO NEGRO","PASO DE LOS COBRES",65100
"RIO NEGRO","LA FLORIDA",65100
"RIO NEGRO","TRES BOCAS",65100
"RIO NEGRO","SANCHEZ",65100
"RIO NEGRO","LA UNION",65100
"RIO NEGRO","SANCHEZ CHICO",65100
"RIO NEGRO","SAUCE",65100
"RIO NEGRO","ESTANCIA VICHADERO",65100
"COLONIA","EL ENSUEÑO",70000
"COLONIA","LA HORQUETA",70000
"COLONIA","SAN PEDRO",70000
"COLONIA","EL BAÑADO",70000
"COLONIA","EL CAÑO",70000
"COLONIA","ESTANCIA ANCHORENA",70000
"COLONIA","JUAN CARLOS CASEROS",70000
"COLONIA","CERROS DE SAN JUAN",70000
"COLONIA","ARTILLEROS",70000
"COLONIA","EL SEMILLERO",70000
"COLONIA","RADIAL HERNANDEZ",70000
"COLONIA","SANTA ANA",70000
"COLONIA","PUERTO INGLES",70000
"COLONIA","MINAS DE NARANCIO",70000
"COLONIA","SAN PEDRO NORTE",70000
"COLONIA","PUNTAS DE SAN PEDRO",70000
"COLONIA","SAN PEDRO DE ARRIBA",70000
"COLONIA","PIEDRA DE LOS INDIOS",70000
"COLONIA","REDUCTO",70000
"COLONIA","QUINTON",70000
"COLONIA","PUERTO PLATERO",70000
"COLONIA","SANTA ROSA",70000
"COLONIA","MARTIN CHICO DE CONCHILLAS",70000
"COLONIA","PUNTA FRANCESA",70000
"COLONIA","EL GENERAL",70000
"COLONIA","CONCHILLAS",70000
"COLONIA","RIACHUELO",70000
"COLONIA","EL QUINTON",70000
"COLONIA","LA ESTANZUELA",70000
"COLONIA","COLONIA DEL SACRAMENTO",70000
"COLONIA","ESTACION EXPERIMENTAL ""LA ESTANZUELA""",70000
"COLONIA","REAL DE VERA",70000
"COLONIA","LAGUNA DE LOS PATOS",70000
"COLONIA","CURUPI",70100
"SORIANO","LARES",70100
"SORIANO","PERSEVERANO",70100
"COLONIA","CARMELO",70100
"COLONIA","EL CERRO",70100
"COLONIA","ZAGARZAZU",70100
"COLONIA","CASERIO EL CERRO",70100
"COLONIA","EL FARO",70100
"COLONIA","EL CHILENO",70100
"COLONIA","VIBORAS Y VACAS",70100
"COLONIA","VIBORAS",70100
"COLONIA","COLONIA ARRUE",70100
"COLONIA","COSTA DE VACAS",70100
"COLONIA","COLONIA ESTRELLA",70100
"COLONIA","COSTAS DE JUAN GONZALEZ",70100
"COLONIA","JUAN GONZALEZ",70100
"COLONIA","BUENA HORA",70100
"COLONIA","MARTIN CHICO",70100
"COLONIA","LOMAS DE CARMELO",70100
"SORIANO","CASTILLOS",70100
"COLONIA","CERRO CARMELO",70100
"COLONIA","LA PAZ",70200
"COLONIA","PASTOREO",70200
"COLONIA","PUNTAS DEL ROSARIO",70200
"COLONIA","BARKER",70200
"COLONIA","ROSARIO",70200
"COLONIA","MINUANO Y SAUCE",70200
"COLONIA","COSTAS DE POLONIA",70200
"COLONIA","TRES ESQUINAS",70200
"COLONIA","TERMINAL",70200
"COLONIA","MEDIA AGUA",70200
"COLONIA","PASO MORLAN",70200
"COLONIA","BARKER NORTE",70200
"COLONIA","COSTA DE COLLA AL ESTE",70200
"COLONIA","COSTA DEL NAVARRO",70200
"COLONIA","ROSARIO Y COLLA",70200
"COLONIA","COLONIA TALICE",70200
"COLONIA","COLONIA PEIRANO",70200
"COLONIA","PUERTO ROSARIO",70200
"COLONIA","PUERTO CONCORDIA",70200
"COLONIA","RADIAL ROSARIO",70200
"COLONIA","PASO QUICHO",70200
"COLONIA","BOCA DEL ROSARIO",70300
"COLONIA","BARRIO MENDAÑA",70300
"COLONIA","SANTA REGINA",70300
"COLONIA","CAMPAMENTO ARTIGAS",70300
"COLONIA","BLANCA ARENA",70300
"COLONIA","BRISAS DEL PLATA",70300
"COLONIA","CUFRE",70300
"COLONIA","NUEVA HELVECIA",70300
"COLONIA","PLAYA BRITOPOLIS",70300
"COLONIA","LOS PINOS",70300
"COLONIA","PLAYA AZUL",70300
"COLONIA","PLAYA PARANT",70300
"COLONIA","COSTA DE ROSARIO",70300
"COLONIA","PASO DE LA QUINTA",70300
"COLONIA","CERROS NEGROS",70300
"COLONIA","BARRANCAS COLORADAS",70300
"COLONIA","CONCORDIA",70300
"COLONIA","COLONIA QUEVEDO",70300
"COLONIA","RESGUARDO CUFRE",70300
"COLONIA","BARRIO OLIMPICO",70300
"COLONIA","COLONIA ESPAÑOLA",70300
"COLONIA","PICADA DE BENITEZ",70300
"COLONIA","RINCON DEL REY",70300
"COLONIA","BONJOUR",70300
"COLONIA","LA SIERRA",70300
"COLONIA","PLAYA FOMENTO",70300
"COLONIA","COLONIA VALDENSE",70400
"COLONIA","CHICO TORINO",70400
"COLONIA","ARRIVILLAGA",70500
"COLONIA","JUAN LACAZE",70500
"COLONIA","COLONIA COSMOPOLITA",70500
"COLONIA","PARAJE MINUANO",70500
"COLONIA","BOCA DEL ROSARIO OESTE",70500
"COLONIA","TOMAS BELL",70500
"COLONIA","VILLA PANCHA",70500
"COLONIA","TARARIRAS",70600
"COLONIA","PASO ANTOLIN",70600
"COLONIA","PUNTAS DEL SAUCE",70600
"COLONIA","PUNTAS DE MELO",70600
"COLONIA","PASO HOSPITAL",70600
"COLONIA","SAN LUIS SANCHEZ",70600
"COLONIA","PUNTAS DEL RIACHUELO",70600
"COLONIA","COSTA DE TARARIRAS",70600
"COLONIA","SAN LUIS DE TARARIRAS",70600
"COLONIA","SAN LUIS",70600
"COLONIA","SAN JUAN",70600
"COLONIA","NUEVA PALMIRA",70700
"COLONIA","AGRACIADA",70700
"SORIANO","AGRACIADA",70700
"COLONIA","POLANCOS",70700
"COLONIA","LAS FLORES",70700
"COLONIA","BELGRANO NORTE",70700
"COLONIA","BELGRANO SUR",70700
"SORIANO","PUNTAS DE ARENALES",70700
"SORIANO","VILLA ALEJANDRINA",70700
"COLONIA","CAMPANA",70800
"COLONIA","COSTAS DE SAN JUAN",70800
"COLONIA","PUNTAS DE SAN JUAN",70800
"COLONIA","LAS CHISPAS",70800
"COLONIA","MANANTIALES",70800
"COLONIA","PIEDRAS BLANCAS",70800
"COLONIA","COLONIA SARANDI",70800
"COLONIA","MOLLES DE MIGUELETE",70800
"COLONIA","MIGUELETE DE CONCHILLAS",70800
"COLONIA","PUNTAS DE JUAN GONZALEZ",70800
"COLONIA","EL CUADRO",70800
"COLONIA","CERRO DE LAS ARMAS",70800
"COLONIA","PASO HOSPITAL MANANTIALES",70800
"COLONIA","SAN ROQUE",70800
"COLONIA","SARANDI CAMPANA",70800
"COLONIA","COLONIA MIGUELETE",70800
"COLONIA","OMBUES DE LAVALLE",70800
"COLONIA","GIL",70800
"SORIANO","EL TALA",75000
"RIO NEGRO","LOS ARRAYANES",75000
"SORIANO","AZOTEA DE VERA",75000
"SORIANO","VILLA DARWIN",75000
"SORIANO","CERRO VERA",75000
"SORIANO","PROGRESO",75000
"SORIANO","RINCON DE COLOLO",75000
"SORIANO","SAN DIOS",75000
"SORIANO","UNIDAD COOPERARIA No 1",75000
"SORIANO","LA TABLA",75000
"SORIANO","COLOLO",75000
"SORIANO","SARANDI CHICO",75000
"SORIANO","GRITO DE ASENCIO",75000
"SORIANO","BEQUELO",75000
"SORIANO","SANTA BLANCA",75000
"SORIANO","CHACRAS DE MERCEDES",75000
"SORIANO","ASENCIO",75000
"SORIANO","COLONIA DIAZ",75000
"SORIANO","CERRO ALEGRE",75000
"SORIANO","PALMAR",75000
"SORIANO","MERCEDES",75000
"SORIANO","RINCON DE CAÑADA NIETO",75100
"SORIANO","CAÑADA MAGALLANES",75100
"SORIANO","CHACRAS DE DOLORES",75100
"SORIANO","RINCON DE RUIZ",75100
"SORIANO","VILLA SORIANO",75100
"SORIANO","DOLORES",75100
"SORIANO","LA CONCORDIA",75100
"SORIANO","CAÑADA NIETO",75100
"SORIANO","COLONIA CONCORDIA",75100
"SORIANO","CORRALITO",75100
"SORIANO","MACIEL",75100
"SORIANO","LAS MAULAS",75100
"SORIANO","BIZCOCHO",75100
"SORIANO","ESPINILLO",75100
"SORIANO","PASO DE LA ARENA",75100
"SORIANO","PASO DE RAMOS",75100
"SORIANO","COSTA DEL AGUILA",75100
"SORIANO","CUATRO BOCAS DE BUENA VISTA",75100
"SORIANO","ARENAL CHICO",75100
"SORIANO","LA PALMA",75100
"SORIANO","CAÑADA PARAGUAYA",75100
"SORIANO","BUENA VISTA",75100
"SORIANO","LA LOMA",75100
"SORIANO","PALO SOLO",75100
"SORIANO","COLONIA LARRAÑAGA",75200
"COLONIA","JUAN JACKSON",75200
"SORIANO","CUCHILLA DEL PERDIDO",75200
"SORIANO","RISSO",75200
"COLONIA","PASO BIRRIEL",75200
"COLONIA","PIEDRA CHATA",75200
"COLONIA","ZUNIN",75200
"SORIANO","ARROYO GRANDE",75200
"SORIANO","MONZON",75200
"SORIANO","PUNTAS DEL TALA",75200
"SORIANO","LA LAGUNA",75200
"SORIANO","DURAZNITO",75200
"SORIANO","COLONIA SANTA CLARA",75200
"SORIANO","COSTAS DEL PERDIDO",75200
"SORIANO","BAJOS DEL PERDIDO",75200
"SORIANO","ALTOS DEL PERDIDO",75200
"SORIANO","CUEVA DEL TIGRE",75200
"SORIANO","PUNTAS DE SAN SALVADOR",75200
"SORIANO","LATA DEL PERDIDO",75200
"SORIANO","COLONIA URUGUAYA",75200
"COLONIA","FLORENCIO SANCHEZ",75200
"SORIANO","EGAÑA",75200
"SORIANO","CARDONA",75200
"SORIANO","SANTA CATALINA",75300
"SORIANO","ZANJA HONDA",75300
"SORIANO","ARROYO DEL MEDIO",75300
"SORIANO","JOSE ENRIQUE RODO",75400
"SORIANO","PUNTAS DE DURAZNO",75400
"SORIANO","PARADA SUAREZ",75400
"SORIANO","CUCHILLA DEL CORRALITO",75400
"SORIANO","SAN MARTIN",75400
"SORIANO","PALMITAS",75500
"SORIANO","GARULA",75500
"SORIANO","COQUIMBO",75500
"SORIANO","PEDRO CHICO",75500
"SORIANO","EL AGUILA",75500
"SORIANO","OLIVERA",75500
"SAN JOSE","CAÑADA GRANDE",80000
"SAN JOSE","BAÑADO",80000
"SAN JOSE","RINCON DEL PINO",80000
"SAN JOSE","RAIGON",80000
"SAN JOSE","RINCON DE NAZARETH",80000
"SAN JOSE","PUNTAS DE CAÑADA GRANDE",80000
"SAN JOSE","CUCHILLA DE PEREIRA",80000
"SAN JOSE","PUNTAS DE LAUREL",80000
"SAN JOSE","JUAN SOLER",80000
"SAN JOSE","GONZALEZ",80000
"SAN JOSE","SAN JOSE DE MAYO",80000
"SAN JOSE","CARRETA QUEMADA",80000
"SAN JOSE","SAN GREGORIO",80000
"SAN JOSE","PASO DE MAS",80000
"SAN JOSE","CUCHILLA SECA",80000
"SAN JOSE","ARROYO DE LA VIRGEN",80000
"SAN JOSE","PUNTAS DE CAGANCHA",80000
"SAN JOSE","PUNTAS DE CHAMIZO",80000
"SAN JOSE","MUNDO AZUL",80000
"SAN JOSE","MUNDO AZUL AGUIRRE",80000
"SAN JOSE","FAJARDO",80000
"SAN JOSE","CHAMIZO",80000
"SAN JOSE","PASO DEL REY",80000
"SAN JOSE","COSTAS DEL SAUCE",80000
"SAN JOSE","CORONILLA",80000
"SAN JOSE","TABAREZ",80000
"SAN JOSE","FAJINA",80000
"SAN JOSE","LA CASILLA",80000
"SAN JOSE","LAUREL",80000
"SAN JOSE","PASO DEL CARRETON",80000
"SAN JOSE","ARROYO LLANO",80000
"SAN JOSE","PACHINA",80000
"SAN JOSE","JESUS MARIA",80000
"SAN JOSE","PANTA",80000
"SAN JOSE","CRUZ DE LOS CAMINOS",80000
"SAN JOSE","PASO DE CAMES",80000
"SAN JOSE","RINCON DE ARIAS",80000
"SAN JOSE","CAGANCHA CHICO",80000
"SAN JOSE","TRANQUERA COLORADA",80000
"SAN JOSE","PERICO PEREZ",80000
"SAN JOSE","ZANJA HONDA",80000
"SAN JOSE","ROCHO",80000
"SAN JOSE","PUNTAS DE LAUREL",80000
"SAN JOSE","JUNCAL",80000
"SAN JOSE","TALA DE PEREIRA",80000
"SAN JOSE","PUNTAS DE GREGORIO",80000
"SAN JOSE","MAHOMA",80000
"SAN JOSE","PANTANOSO",80000
"SAN JOSE","COLONIA AMERICA",80000
"SAN JOSE","ESCUDERO",80000
"SAN JOSE","BELLA VISTA",80000
"SAN JOSE","PAVON",80000
"SAN JOSE","MAL ABRIGO",80000
"SAN JOSE","VILLA MARIA",80000
"SAN JOSE","KIYU - ORDEIG",80100
"SAN JOSE","PUNTAS DE VALDEZ",80100
"SAN JOSE","LIBERTAD",80100
"SAN JOSE","COLONIA ITALIA",80100
"SAN JOSE","VALDEZ CHICO",80100
"SAN JOSE","SAUCE",80100
"SAN JOSE","SAUCE CHICO",80100
"SAN JOSE","COLONIA JUAN MARIA PEREZ",80100
"SAN JOSE","COSTA DEL MAURICIO",80100
"SAN JOSE","RINCON DE BUSCHENTAL",80100
"SAN JOSE","ORILLAS DEL PLATA",80100
"SAN JOSE","PUNTAS DE TROPA VIEJA",80100
"SAN JOSE","COLOLO TINOSA",80100
"SAN JOSE","RADIAL RUTA 3",80100
"SAN JOSE","COLONIA FERNANDEZ CRESPO",80200
"SAN JOSE","MANGRULLO",80200
"SAN JOSE","RAFAEL PERAZZA",80200
"SAN JOSE","COSTAS DE PEREIRA",80200
"SAN JOSE","COLONIA SAN JOAQUIN",80200
"SAN JOSE","PASO DE LAS PIEDRAS",80200
"SAN JOSE","BOCA DEL CUFRE",80300
"SAN JOSE","SCAVINO",80300
"SAN JOSE","ECILDA PAULLIER",80300
"SAN JOSE","PICADA GAMBETTA",80300
"SAN JOSE","RINCON DE CUFRE",80300
"SAN JOSE","RINCON DE ARAZATI",80300
"SAN JOSE","LA BOYADA",80300
"SAN JOSE","COLONIA DELTA",80300
"SAN JOSE","TROPEZON",80400
"SAN JOSE","CUCHILLA DEL VICHADERO",80400
"SAN JOSE","LA CUCHILLA",80400
"SAN JOSE","CAGANCHA",80400
"SAN JOSE","RINCON DE LA TORRE",80400
"SAN JOSE","ESTACION RODRIGUEZ",80400
"SAN JOSE","AUTODROMO NACIONAL",80500
"SAN JOSE","VILLA OLIMPICA",80500
"SAN JOSE","CIUDAD DEL PLATA",80500
"SAN JOSE","RINCON DE LA BOLSA",80500
"SAN JOSE","SANTA MONICA",80500
"SAN JOSE","PLAYA PASCUAL",80500
"SAN JOSE","CERAMICAS DEL SUR",80500
"SAN JOSE","PENINO",80500
"SAN JOSE","SAFICI",80500
"SAN JOSE","VILLA RIVES",80500
"SAN JOSE","MONTE GRANDE",80500
"SAN JOSE","PARQUE POSTEL",80500
"SAN JOSE","COLONIA WILSON",80500
"SAN JOSE","TROPAS VIEJAS",80500
"SAN JOSE","PARQUE POSTEL CNEL. ADRIAN MEDINA",80500
"SAN JOSE","DELTA EL TIGRE",80500
"SAN JOSE","SAN FERNANDO",80500
"SAN JOSE","SAN FERNANDO CHICO",80500
"FLORES","LA CASILLA",85000
"FLORES","LOS PUENTES",85000
"FLORES","CERRO COLORADO",85000
"FLORES","ISMAEL CORTINAS",85000
"FLORES","ANDRESITO",85000
"FLORES","JUAN JOSE CASTRO",85000
"FLORES","TRINIDAD",85000
"FLORES","CUCHILLA DE VILLASBOAS",85000
"FLORES","CHACRAS",85000
"FLORES","CHACRAS DE BORGHI",85000
"FLORES","VILLASBOAS",85000
"FLORES","PUNTAS DE CHAMANGA",85000
"FLORES","FERRIZO",85000
"FLORES","COSTAS DE SAN JOSE",85000
"FLORES","PUEBLO PINTOS",85000
"FLORES","SAN GREGORIO DE FLORES",85000
"FLORES","COSTAS DEL TALA",85000
"FLORES","EL CORONILLA",85000
"FLORES","MARINCHO",85000
"FLORES","RINCON DEL PALACIO",85000
"FLORES","EL TOTORAL",85000
"FLORES","ARENAL GRANDE",85000
"FLORES","COLONIA ALEMANA",85000
"FLORES","PUNTAS DE MARINCHO",85000
"FLORES","SARANDI",85000
"FLORES","ARENAL CHICO",85000
"FLORES","PUNTAS DE SARANDI",85000
"FLORES","SANTA ADELAIDA",85000
"FLORES","PUNTAS DEL SAUCE",85000
"FLORES","LA GUARDIA",85000
"FLORES","LA ALIANZA",85000
"FLORES","PUNTAS DE SAN JOSE",85000
"FLORES","VILLA PASTORA",85000
"FLORES","PASO  DE LUGO",85000
"FLORES","PASO HONDO",85000
"SAN JOSE","PASO DEL GUAYCURU",85000
"SAN JOSE","GUAYCURU",85000
"FLORES","CAÑADA AMILIVIA",85000
"FLORES","ARROYO MALO",85000
"CANELONES","PASO DEL MEDIO",90000
"CANELONES","PASO PALOMEQUE",90000
"CANELONES","CANELONES",90000
"CANELONES","JUANICO",90000
"CANELONES","VILLA AREJO",90000
"CANELONES","EMPALME DOGLIOTTI",90000
"CANELONES","LA PALOMA",90000
"CANELONES","MURIALDO",90000
"CANELONES","PASO DE CUELLO",90000
"CANELONES","CANELON GRANDE DE PACHECO",90000
"CANELONES","CAMINO DE LA CADENA",90000
"CANELONES","MATAOJO",90000
"CANELONES","MELGAREJO",90000
"CANELONES","ECHEVARRIA",90000
"CANELONES","LAS VIOLETAS",90000
"CANELONES","CANELON CHICO",90000
"CANELONES","RINCON DEL GIGANTE",90000
"CANELONES","PASO ESPINOSA",90000
"CANELONES","PASO DE LAS TOSCAS",90000
"CANELONES","COLORADO Y BRUJAS",90100
"CANELONES","SOFIA SANTOS",90100
"CANELONES","MELILLA",90100
"CANELONES","LOS CERRILLOS",90100
"CANELONES","CAMPO MILITAR",90100
"CANELONES","ESQUINA GONZALEZ",90100
"CANELONES","PUNTAS DE BRUJAS",90100
"CANELONES","PARADOR TAJES",90100
"CANELONES","BARRANCAS COLORADAS",90100
"CANELONES","CAMINO LLOVERAS",90100
"CANELONES","CERRILLOS AL OESTE",90100
"CANELONES","PASO DEL BOTE",90100
"CANELONES","CERRILLOS AL SUR",90100
"CANELONES","PUENTE DE BRUJAS",90100
"CANELONES","VILLA ENCANTADA",90100
"CANELONES","LAS BRUJAS",90100
"CANELONES","RINCON DE PORTEZUELO",90100
"CANELONES","RINCON DEL COLORADO",90100
"CANELONES","AGUAS CORRIENTES",90200
"CANELONES","CAÑADA DE MONTAÑO",90200
"CANELONES","SANTA LUCIA",90200
"SAN JOSE","CAPURRO",90200
"SAN JOSE","ITUZAINGO",90200
"SAN JOSE","COLONIA DR. BERNARDO ETCHEPARE",90200
"SAN JOSE","RINCON DE ALBANO",90200
"SAN JOSE","PASO BELASTIQUI",90200
"CANELONES","PASO DEL SORDO",90200
"CANELONES","RINCON DE VIDAL",90200
"CANELONES","RINCON DE VELAZQUEZ",90200
"CANELONES","PASO DE LOS FRANCOS",90200
"CANELONES","PASO DE LOS ALAMOS",90200
"CANELONES","LOS CEIBOS",90200
"CANELONES","CUCHILLA VERDE",90200
"CANELONES","MARGAT",90200
"CANELONES","PASO DE PACHE",90200
"SAN JOSE","18 DE JULIO",90200
"CANELONES","CAÑADA PRUDENCIO",91100
"CANELONES","VEJIGAS DE SAN RAMON",91100
"CANELONES","SAN RAMON",91100
"CANELONES","RINCON DEL CONDE",91100
"CANELONES","COSTA DEL TALA NORTE",91100
"CANELONES","VEJIGAS DE TALA",91100
"CANELONES","PUEBLO CASTELLANOS",91200
"CANELONES","SAN BAUTISTA",91200
"CANELONES","COSTAS DEL COLORADO ESTE",91200
"CANELONES","EL COLORADO SAN BAUTISTA",91200
"CANELONES","PUNTAS DE LAS VIOLETAS",91200
"CANELONES","COSTA DEL TALA ESTE",91200
"CANELONES","PASO DE LOS DIFUNTOS",91200
"CANELONES","COSTA DE PANDO SAN BAUTISTA",91200
"CANELONES","PUNTAS DE COCHENGO",91200
"CANELONES","ARENAL",91200
"CANELONES","EL CUADRO",91200
"CANELONES","SAN ANTONIO",91300
"CANELONES","CAÑADA CARDOZO",91300
"CANELONES","COSTAS DEL COLORADO",91300
"CANELONES","COSTAS DEL TALA",91300
"CANELONES","BARRA DEL TALA",91300
"CANELONES","PUNTAS DE CAÑADA CARDOZO",91300
"CANELONES","CANELON GRANDE NORTE",91300
"CANELONES","PASO DE LA CADENA",91300
"CANELONES","COSTA DEL PANTANOSO",91400
"CANELONES","COSTA DE PANDO SAN JACINTO",91400
"CANELONES","SANTA ROSA",91400
"CANELONES","CANELON GRANDE",91400
"CANELONES","PASO DE LA PALOMA",91400
"CANELONES","PUNTAS DE PANTANOSO ESTE",91400
"CANELONES","PUNTAS DE PANTANOSO",91400
"CANELONES","TOTORAL DEL SAUCE",91500
"CANELONES","SAUCE",91500
"CANELONES","BLANCO",91500
"CANELONES","CUCHILLA DE MACHIN",91500
"CANELONES","VILLA NUEVA",91500
"CANELONES","PUNTAS DE MATA SIETE",91500
"CANELONES","MATA SIETE",91500
"CANELONES","PONCE MATA SIETE",91500
"CANELONES","SAN PEDRO",91500
"CANELONES","RANCHERIOS DE PONCE",91500
"CANELONES","BARRIO DEL LIBERTADOR",91500
"CANELONES","COSTA DEL SAUCE",91500
"CANELONES","CUCHILLA DE ROCHA",91500
"CANELONES","PANTANOSO DEL SAUCE",91500
"CANELONES","PANTANOSO",91500
"CANELONES","CARRASCO DEL SAUCE",91500
"CANELONES","EMPALME SAUCE",91500
"CANELONES","CRUZ DE LOS CAMINOS",91500
"CANELONES","ESTACION TAPIA",91600
"CANELONES","SAN JACINTO",91600
"CANELONES","ESTACION PEDRERA",91600
"CANELONES","COSTAS DE SOLIS",91600
"CANELONES","PIEDRA SOLA",91600
"CANELONES","PUNTAS DE PEDRERA",91600
"CANELONES","COCHENGO",91600
"CANELONES","COSTA DE PANDO",91600
"CANELONES","BARRA DE LA PEDRERA",91600
"CANELONES","TALITA",91600
"CANELONES","ESTACION MIGUES",91700
"CANELONES","MONTES",91700
"LAVALLEJA","SOLIS GRANDE",91700
"CANELONES","PEDERNAL GRANDE",91700
"CANELONES","SARANDI DE MIGUES",91700
"CANELONES","SAUCE SOLO DE MONTES",91700
"CANELONES","SAUCE SOLO DE MIGUES",91700
"CANELONES","SAUCE SOLO",91700
"CANELONES","SOLIS CHICO DE MIGUES",91700
"CANELONES","PUNTAS DEL ARENAL",91700
"CANELONES","EL COLORADO DE MIGUES",91700
"CANELONES","SOLIS CHICO",91700
"CANELONES","CUCHILLA DE ZEBALLOS",91700
"CANELONES","LA TOTORA",91700
"CANELONES","CUCHILLA CABO DE HORNOS",91700
"CANELONES","MIGUES",91700
"CANELONES","TALA",91800
"CANELONES","MACANA",91800
"CANELONES","VEJIGAS",91800
"CANELONES","PASO RIVERO DE VEJIGAS",91800
"CANELONES","FELICIANO",91800
"CANELONES","PIEDRITAS",91800
"CANELONES","NUTRIAS",91800
"CANELONES","PUNTAS DE VEJIGAS",91800
"CANELONES","PEDERNAL",91800
"CANELONES","COSTAS DE PEDERNAL",91800
"CANELONES","PEDERNAL CHICO",91800
"CANELONES","PASO DE LA SALAMANCA",91800
"FLORIDA","FLORIDA",94000
"FLORIDA","LA CRUZ",94000
"FLORIDA","SAN GABRIEL",94000
"FLORIDA","PALERMO",94000
"FLORIDA","SAN PEDRO DE TIMOTE",94000
"FLORIDA","TALA DE CASTRO",94000
"FLORIDA","DR. A. GALLINAL",94000
"FLORIDA","MOLLES DEL TIMOTE",94000
"FLORIDA","HERNANDARIAS",94000
"FLORIDA","PANTANOSO DE CASTRO",94000
"FLORIDA","TORNERO",94000
"FLORIDA","SAN GERONIMO",94000
"FLORIDA","TALITA",94000
"FLORIDA","COSTA DE LA CRUZ",94000
"FLORIDA","URIOSTE",94000
"FLORIDA","COLONIA SANCHEZ",94000
"FLORIDA","CERROS DE FLORIDA",94000
"FLORIDA","SAN JUAN",94000
"FLORIDA","COSTAS DE ARIAS",94000
"FLORIDA","LAS PIEDRITAS",94000
"FLORIDA","COSTA DE ARIAS",94000
"FLORIDA","CERRO DE LA MACANA",94000
"FLORIDA","SANTA TERESA",94000
"FLORIDA","VILLA VIEJA",94000
"FLORIDA","COSTAS DEL PINTADO",94000
"FLORIDA","PUNTAS DE CALLEROS",94000
"FLORIDA","CHACRAS DE FLORIDA",94000
"FLORIDA","JUNCAL",94000
"FLORIDA","CHACRAS DEL PINTADO",94000
"FLORIDA","CANDIL",94000
"FLORIDA","PASO CALLEROS",94000
"FLORIDA","BERRONDO",94000
"FLORIDA","LA MACANA",94000
"FLORIDA","POLANCO DEL YI",94100
"FLORIDA","CASERIO LA FUNDACION",94100
"FLORIDA","SARANDI GRANDE",94100
"FLORIDA","COSTA DEL TALA",94100
"FLORIDA","ARROYO DE LOS NEGROS",94100
"FLORIDA","CALLERI",94100
"FLORIDA","COSTAS DE MACIEL",94100
"FLORIDA","TALA DE MACIEL",94100
"FLORIDA","LA CIMBRA",94100
"FLORIDA","PIEDRAS COLORADAS",94100
"FLORIDA","COSTA DE PARANA",94100
"FLORIDA","PUNTAS DE SARANDI",94100
"FLORIDA","CUCHILLA SANTO DOMINGO",94100
"FLORIDA","VILLA HIPICA",94100
"FLORIDA","SAUCE DE MACIEL",94100
"FLORIDA","PUNTAS DE SAUCE DE MACIEL",94100
"FLORIDA","CORRAL DE PIEDRA",94100
"FLORES","AHOGADOS",94100
"FLORES","PUNTAS DEL CORRAL DE PIEDRA",94100
"FLORES","TALAS DE MACIEL",94100
"FLORIDA","PINTADO",94100
"FLORIDA","PUNTAS DE MACIEL",94100
"FLORIDA","25 DE MAYO",95100
"FLORIDA","PASO VELA",95100
"FLORIDA","PASO DE LOS NOVILLOS",95100
"FLORIDA","CARDAL",95200
"FLORIDA","COSTAS DE SANTA LUCIA CHICO",95200
"FLORIDA","INDEPENDENCIA",95300
"FLORIDA","25 DE AGOSTO",95400
"FLORIDA","MENDOZA GRANDE",95500
"FLORIDA","RINCON DE VIGNOLI",95500
"FLORIDA","ARROYO PELADO",95500
"FLORIDA","PUENTE DE MENDOZA",95500
"FLORIDA","MENDOZA CHICO",95600
"CANELONES","COLONIA TREINTA Y TRES ORIENTALES",96100
"FLORIDA","CHAMIZO",96100
"FLORIDA","COSTAS DEL SANTA LUCIA GRANDE",96100
"FLORIDA","CHAMIZO CHICO",96100
"FLORIDA","COSTAS DE CHAMIZO",96100
"CANELONES","BOLIVAR",96200
"FLORIDA","FRAY MARCOS",96200
"FLORIDA","PUNTAS DE LA ESCOBILLA",96200
"FLORIDA","ARROYO LATORRE",96200
"FLORIDA","ARROYO CHAMIZO",96200
"FLORIDA","LA ESCOBILLA",96200
"FLORIDA","PUNTAS DEL ARROYO LATORRE",96200
"FLORIDA","COSTAS DE CHAMIZO GRANDE",96200
"CANELONES","COSTAS DE SANTA LUCIA",96200
"LAVALLEJA","GAETAN (CUCHILLA DE CARBAJAL)",96300
"LAVALLEJA","CASUPA",96300
"FLORIDA","PUNTAS DE CHAMIZO",96300
"FLORIDA","COSTAS DEL AMARILLO",96300
"FLORIDA","VIGNOLI",96300
"FLORIDA","CASUPA",96300
"FLORIDA","REBOLEDO",96400
"FLORIDA","PIEDRA CAMPANA",96400
"FLORIDA","ALEJANDRO GALLINAL",96500
"FLORIDA","PASO REAL DE MANSAVILLAGRA",96500
"FLORIDA","PUNTAS DE MANSAVILLAGRA",96500
"FLORIDA","PUNTAS DE CHAMAME",96500
"FLORIDA","ARTEAGA",96500
"DURAZNO","SANDU CHICO",97000
"DURAZNO","BARRIO DURAN",97000
"DURAZNO","SAN JOSE DE LAS CAÑAS",97000
"DURAZNO","RINCON DE CUADRA",97000
"DURAZNO","LAS PALMAS",97000
"DURAZNO","VILLA DEL CARMEN",97000
"FLORIDA","GOÑI",97000
"DURAZNO","FELICIANO",97000
"DURAZNO","OMBUES DE ORIBE",97000
"DURAZNO","CERREZUELO",97000
"DURAZNO","CUCHILLA DE RAMIREZ",97000
"DURAZNO","LA MAZAMORRA",97000
"DURAZNO","LA ALEGRIA",97000
"DURAZNO","PASO RAMIREZ",97000
"DURAZNO","VERDUN",97000
"DURAZNO","CERRO CONVENTO",97000
"DURAZNO","CEIBAL",97000
"DURAZNO","CAPILLA DE FARRUCO",97000
"DURAZNO","LAS ACACIAS",97000
"DURAZNO","CHILENO",97000
"DURAZNO","BLANQUILLO AL OESTE",97000
"DURAZNO","ESTACION CHILENO",97000
"DURAZNO","CHILENO CHICO",97000
"DURAZNO","SARANDI DE RIO NEGRO",97000
"DURAZNO","BARRANCAS COLORADAS",97000
"DURAZNO","LOS AGREGADOS",97000
"DURAZNO","HIGUERAS DE CARPINTERIA",97000
"DURAZNO","PASO REAL DE CARPINTERIA",97000
"DURAZNO","CUCHILLA DEL RINCON",97000
"DURAZNO","ARROYO DE LOS PERROS",97000
"DURAZNO","FONSECA",97000
"DURAZNO","PUNTAS DE CARPINTERIA",97000
"DURAZNO","MUNICIPIO DE DURAZNO",97000
"DURAZNO","SAUCE DE HERRERA",97000
"DURAZNO","ROLON",97000
"DURAZNO","SALINAS",97000
"DURAZNO","SALINAS CHICO",97000
"DURAZNO","ABELLA",97000
"DURAZNO","MARISCALA DEL CARMEN",97000
"DURAZNO","SAUCE DEL YI",97000
"DURAZNO","MARIA CEJAS",97000
"DURAZNO","PUGLIA",97000
"DURAZNO","VILLASBOAS",97000
"DURAZNO","COSTA DE CUADRA",97000
"DURAZNO","PASO TEJERA",97000
"DURAZNO","LAS TUNAS",97000
"DURAZNO","BATOVI",97000
"DURAZNO","MAESTRE CAMPO",97000
"DURAZNO","MOLLES DE QUINTEROS",97000
"DURAZNO","LOS TAPES",97000
"DURAZNO","CABALLERO",97000
"DURAZNO","CHACRAS DE DURAZNO",97000
"DURAZNO","RINCON DE LOS TAPES",97000
"DURAZNO","TEJERA",97000
"FLORIDA","RINCON DE LOS CAMILOS",97000
"FLORIDA","SAUCE DE VILLANUEVA",97000
"FLORES","LA CORDOBESA",97000
"DURAZNO","CARLOS REYLES",97000
"RIO NEGRO","LA ARENA",97000
"RIO NEGRO","PASO RAMIREZ",97000
"DURAZNO","DURAZNO",97000
"CERRO LARGO","CAÑADA BRAVA",97000
"DURAZNO","CHILENO GRANDE (AGUERO)",97000
"FLORIDA","SAUCE DEL YI",97000
"DURAZNO","BAYGORRIA",97000
"DURAZNO","LA PALOMA",97000
"DURAZNO","SAN JORGE",97000
"DURAZNO","LAS CAÑAS",97000
"DURAZNO","BLANQUILLO",97000
"DURAZNO","SANTA BERNARDINA",97000
"DURAZNO","PUEBLO DE ALVAREZ",97000
"DURAZNO","AGUAS BUENAS",97000
"DURAZNO","MOURIÑO",97000
"DURAZNO","SARANDI DEL YI",98000
"FLORIDA","FERRER",98000
"DURAZNO","DE DIOS",98000
"FLORIDA","CAPILLA DEL SAUCE",98000
"DURAZNO","PASO DEL MEDIO LAS PALMAS",98000
"DURAZNO","PUNTAS DE HERRERA",98000
"DURAZNO","PUNTAS DE MALBAJAR",98000
"DURAZNO","PASO DE AGUIRRE",98000
"DURAZNO","MALBAJAR OESTE",98000
"DURAZNO","MALBAJAR ESTE",98000
"DURAZNO","MARISCALA",98000
"DURAZNO","PASO DE CASTRO",98000
"DURAZNO","TALA DE MARISCALA",98000
"FLORIDA","ARROYO MONZON",98000
"FLORIDA","LA VICTORIA",98000
"FLORIDA","LA PALMA",98000
"FLORIDA","TABARE",98000
"FLORIDA","RINCON SAUCE DEL YI",98000
"FLORIDA","COSTA DE ILLESCAS",98000
"FLORIDA","BARRA SAUCE DE MANSAVILLAGRA",98000
"FLORIDA","SANTA CLARA",98000
"FLORIDA","CHILCAS",98000
"FLORIDA","CHINGOLAS",98000
"FLORIDA","MANSAVILLAGRA",98000
"FLORIDA","BARRA MOLLES DEL TIMOTE",98000
"DURAZNO","ROSSELL Y RIUS",98000
"FLORIDA","MONTECORAL",98000
"FLORIDA","ESTACION CAPILLA DEL SAUCE",98000
"DURAZNO","ELIAS REGULES",98000